employee_id,full_name,gender,date_of_birth,hire_date,dept_id,role_id,education,marital_status
EMP0001,Saanvi Singh,Female,1996-04-03,2020-11-24,D03,R07,Masters,Married
EMP0002,Yash Sharma,Male,1975-04-22,2018-09-25,D01,R03,Masters,Married
EMP0003,Vivaan Singh,Male,1993-06-15,2019-05-03,D06,R06,Masters,Married
EMP0004,Diya Singh,Female,1991-09-27,2016-08-11,D06,R17,Bachelors,Married
EMP0005,Dhruv Kumar,Male,1994-07-27,2016-02-16,D09,R10,Bachelors,Married
EMP0006,Yash Rao,Male,1977-08-08,2020-06-14,D01,R02,Bachelors,Married
EMP0007,Meera Patel,Female,1988-10-15,2018-08-21,D02,R09,Masters,Married
EMP0008,Ayaan Singh,Male,1991-07-03,2024-02-14,D02,R10,Bachelors,Single
EMP0009,Ira Iyer,Female,1976-03-14,2022-01-31,D01,R02,Bachelors,Married
EMP0010,Nisha Patil,Female,1979-07-28,2021-08-05,D04,R14,Masters,Single
EMP0011,Rohan Patel,Male,1977-09-06,2017-04-16,D09,R17,Bachelors,Single
EMP0012,Atharv Rao,Male,2000-02-29,2015-03-30,D01,R03,Bachelors,Single
EMP0013,Kiara Choudhary,Female,1986-06-05,2020-08-18,D05,R16,MBA,Married
EMP0014,Reyansh Rao,Male,1978-12-23,2017-02-02,D08,R06,Bachelors,Single
EMP0015,Yash Deshmukh,Male,2004-09-14,2022-02-23,D09,R17,Bachelors,Married
EMP0016,Ayaan Verma,Male,1979-08-03,2018-12-05,D04,R14,Masters,Married
EMP0017,Yash Verma,Male,1990-09-10,2022-07-29,D01,R05,MBA,Single
EMP0018,Rahul Nair,Male,2004-11-17,2017-12-29,D03,R13,Bachelors,Single
EMP0019,Rohan Singh,Male,1984-03-19,2024-03-31,D06,R17,Masters,Married
EMP0020,Ananya Verma,Female,1990-09-26,2024-04-16,D05,R16,Masters,Married
EMP0021,Krishna Nair,Male,1992-05-30,2017-01-14,D07,R18,Masters,Married
EMP0022,Meera Mehta,Female,1986-11-22,2023-06-14,D03,R13,Bachelors,Single
EMP0023,Neha Patil,Female,1976-10-01,2016-05-09,D06,R17,Bachelors,Married
EMP0024,Vihaan Singh,Male,1979-06-28,2021-08-04,D06,R17,Masters,Married
EMP0025,Reyansh Desai,Male,1985-08-11,2017-05-31,D07,R18,MBA,Single
EMP0026,Kabir Patel,Male,1997-10-17,2021-08-06,D04,R14,Masters,Married
EMP0027,Karan Patil,Male,1984-03-12,2021-10-23,D07,R18,Bachelors,Married
EMP0028,Reyansh Deshmukh,Male,1997-06-20,2016-09-17,D06,R17,Bachelors,Married
EMP0029,Ayaan Deshmukh,Male,2003-08-24,2018-11-28,D02,R09,Bachelors,Single
EMP0030,Diya Verma,Female,1978-02-02,2019-07-21,D08,R08,Bachelors,Single
EMP0031,Aarav Khan,Male,1987-08-16,2017-05-09,D01,R02,Bachelors,Married
EMP0032,Ayaan Desai,Male,1988-08-16,2023-09-14,D09,R09,Bachelors,Married
EMP0033,Vivaan Choudhary,Male,1983-12-06,2015-09-06,D02,R09,Bachelors,Single
EMP0034,Rahul Kumar,Male,1995-05-30,2018-05-20,D01,R02,Bachelors,Married
EMP0035,Krishna Mehta,Male,1983-06-20,2021-10-22,D10,R06,Masters,Married
EMP0036,Aditya Sharma,Male,2002-08-07,2018-08-14,D10,R06,Masters,Single
EMP0037,Avni Nair,Female,1978-08-19,2023-07-19,D05,R16,Bachelors,Single
EMP0038,Reyansh Rao,Male,1986-07-03,2016-05-10,D05,R16,Bachelors,Married
EMP0039,Vivaan Desai,Male,1980-12-14,2015-09-22,D05,R07,Bachelors,Married
EMP0040,Aarav Choudhary,Male,1996-12-02,2020-09-08,D01,R03,MBA,Married
EMP0041,Neha Nair,Female,1994-06-05,2019-07-08,D05,R06,Bachelors,Married
EMP0042,Ishaan Singh,Male,1980-07-16,2021-06-17,D06,R17,Bachelors,Single
EMP0043,Yash Reddy,Male,1975-07-11,2016-02-18,D07,R02,Bachelors,Single
EMP0044,Aditya Iyer,Male,1999-10-28,2016-06-22,D05,R16,Bachelors,Married
EMP0045,Aarohi Rao,Female,1984-10-01,2023-03-23,D07,R18,Bachelors,Married
EMP0046,Sneha Sharma,Female,1996-10-15,2015-10-16,D01,R03,Masters,Single
EMP0047,Myra Choudhary,Female,1997-01-01,2021-10-14,D02,R11,Masters,Married
EMP0048,Saanvi Mehta,Female,1976-02-21,2022-02-20,D01,R01,Masters,Married
EMP0049,Atharv Sharma,Male,1989-07-13,2017-06-23,D03,R12,Masters,Married
EMP0050,Aarav Nair,Male,1985-10-18,2019-12-25,D01,R03,Bachelors,Married
EMP0051,Rohan Deshmukh,Male,1977-04-01,2024-03-02,D08,R03,Bachelors,Married
EMP0052,Ayaan Joshi,Male,1976-01-25,2023-12-16,D09,R09,Masters,Married
EMP0053,Meera Rao,Female,1976-12-04,2020-05-07,D07,R18,Bachelors,Single
EMP0054,Yash Deshmukh,Male,1989-05-02,2023-09-01,D03,R12,Masters,Single
EMP0055,Sai Deshmukh,Male,1989-03-12,2015-03-24,D02,R10,Bachelors,Single
EMP0056,Aarohi Iyer,Female,1975-12-08,2016-06-29,D09,R09,Bachelors,Single
EMP0057,Ira Joshi,Female,1988-05-17,2020-01-11,D06,R06,Bachelors,Single
EMP0058,Kabir Deshmukh,Male,1996-12-09,2021-03-18,D02,R09,Masters,Married
EMP0059,Pooja Choudhary,Female,1993-04-06,2021-01-22,D01,R01,MBA,Married
EMP0060,Kabir Joshi,Male,1993-02-26,2019-11-12,D08,R20,Masters,Married
EMP0061,Sara Patel,Female,1975-01-23,2023-07-17,D02,R10,Bachelors,Single
EMP0062,Dhruv Choudhary,Male,2001-04-07,2015-01-04,D03,R12,MBA,Married
EMP0063,Pari Verma,Female,2002-05-27,2023-06-14,D08,R03,Masters,Married
EMP0064,Reyansh Desai,Male,1976-04-06,2023-04-21,D10,R19,Bachelors,Single
EMP0065,Atharv Reddy,Male,1996-06-14,2018-01-16,D04,R14,PhD,Married
EMP0066,Rahul Gupta,Male,1989-04-08,2023-07-09,D06,R17,Bachelors,Single
EMP0067,Karan Desai,Male,1980-04-28,2017-11-22,D10,R06,MBA,Single
EMP0068,Ananya Desai,Female,1979-08-15,2022-08-03,D07,R18,Masters,Single
EMP0069,Yash Sharma,Male,1980-03-19,2018-11-20,D07,R18,Masters,Married
EMP0070,Dhruv Mehta,Male,2000-07-21,2023-07-24,D03,R12,Bachelors,Married
EMP0071,Amit Patil,Male,1978-04-05,2022-10-21,D09,R17,MBA,Married
EMP0072,Nisha Kumar,Female,1997-07-03,2022-11-27,D01,R01,Masters,Married
EMP0073,Riya Sharma,Female,1985-09-29,2024-03-27,D01,R02,Bachelors,Married
EMP0074,Rohan Iyer,Male,1986-11-06,2022-10-07,D07,R02,Masters,Married
EMP0075,Sara Verma,Female,1976-01-13,2020-02-29,D07,R18,Bachelors,Married
EMP0076,Arjun Nair,Male,1997-06-22,2017-01-01,D10,R03,Masters,Married
EMP0077,Kabir Choudhary,Male,1994-05-05,2015-05-25,D06,R17,Bachelors,Married
EMP0078,Aarav Khan,Male,1980-04-03,2019-07-25,D03,R13,Bachelors,Married
EMP0079,Aarohi Desai,Female,1990-07-13,2017-12-17,D09,R10,Masters,Single
EMP0080,Rahul Patil,Male,1999-03-04,2023-07-07,D10,R07,Masters,Married
EMP0081,Meera Deshmukh,Female,1981-01-21,2018-02-23,D08,R20,PhD,Single
EMP0082,Rahul Joshi,Male,1984-06-06,2018-04-29,D10,R07,Masters,Married
EMP0083,Krishna Gupta,Male,1980-05-05,2018-01-16,D02,R09,Masters,Married
EMP0084,Pari Singh,Female,1994-08-23,2019-08-10,D04,R14,Bachelors,Married
EMP0085,Ananya Reddy,Female,2004-01-22,2017-08-01,D09,R09,Bachelors,Married
EMP0086,Diya Iyer,Female,1982-03-03,2020-04-05,D08,R06,Bachelors,Married
EMP0087,Rohan Joshi,Male,2004-02-19,2023-12-16,D06,R17,Bachelors,Married
EMP0088,Neha Sharma,Female,1980-03-26,2015-04-13,D01,R02,Masters,Married
EMP0089,Rahul Deshmukh,Male,1980-05-12,2020-01-14,D08,R07,Bachelors,Married
EMP0090,Ayaan Desai,Male,1988-02-12,2023-09-09,D02,R11,Bachelors,Married
EMP0091,Vivaan Nair,Male,1981-06-23,2019-11-23,D09,R10,Masters,Single
EMP0092,Reyansh Desai,Male,1997-03-14,2015-02-10,D08,R20,Masters,Married
EMP0093,Ira Singh,Female,1998-12-30,2020-04-22,D06,R17,Bachelors,Married
EMP0094,Atharv Reddy,Male,1996-06-12,2020-06-08,D01,R01,Masters,Married
EMP0095,Atharv Desai,Male,1982-09-18,2023-03-11,D01,R03,Bachelors,Single
EMP0096,Aditya Mehta,Male,1984-01-20,2017-08-20,D09,R09,MBA,Single
EMP0097,Kabir Verma,Male,1980-02-01,2015-07-01,D01,R02,Bachelors,Married
EMP0098,Atharv Gupta,Male,1986-05-26,2016-11-23,D01,R04,MBA,Married
EMP0099,Dhruv Patil,Male,1980-04-03,2016-08-01,D10,R19,Bachelors,Single
EMP0100,Aditya Deshmukh,Male,1985-03-01,2019-10-11,D09,R10,Bachelors,Married
EMP0101,Aarav Deshmukh,Male,1990-02-20,2023-04-17,D09,R17,Bachelors,Married
EMP0102,Arjun Mehta,Male,1991-11-16,2018-06-12,D07,R18,Masters,Married
EMP0103,Diya Desai,Female,1980-10-11,2023-05-05,D01,R01,Bachelors,Married
EMP0104,Riya Mehta,Female,2002-01-15,2020-04-15,D03,R13,Masters,Married
EMP0105,Neha Singh,Female,1987-12-22,2019-10-09,D06,R17,Bachelors,Married
EMP0106,Ira Kumar,Female,1997-10-19,2023-07-03,D05,R07,Bachelors,Single
EMP0107,Krishna Mehta,Male,1981-10-19,2015-04-17,D01,R02,Bachelors,Married
EMP0108,Riya Khan,Female,1982-03-20,2021-01-09,D05,R16,Bachelors,Single
EMP0109,Dhruv Singh,Male,1997-10-24,2019-12-27,D01,R05,Bachelors,Single
EMP0110,Aditya Singh,Male,1987-02-23,2022-12-10,D06,R06,Bachelors,Married
EMP0111,Pooja Iyer,Female,1980-11-16,2019-02-17,D10,R19,Bachelors,Single
EMP0112,Reyansh Patil,Male,1994-01-23,2020-12-25,D02,R10,MBA,Single
EMP0113,Priya Gupta,Female,1978-09-07,2018-10-04,D03,R12,Bachelors,Married
EMP0114,Tara Reddy,Female,1995-07-08,2018-04-09,D07,R18,Bachelors,Single
EMP0115,Aarav Desai,Male,1989-08-03,2018-02-19,D02,R09,Bachelors,Single
EMP0116,Sara Mehta,Female,1993-08-02,2020-10-01,D03,R13,Bachelors,Married
EMP0117,Reyansh Patil,Male,1993-01-27,2019-07-07,D05,R16,Bachelors,Single
EMP0118,Reyansh Singh,Male,1986-08-05,2022-06-27,D06,R17,Bachelors,Married
EMP0119,Yash Verma,Male,1999-06-27,2018-06-08,D01,R02,Bachelors,Married
EMP0120,Dhruv Iyer,Male,1989-07-13,2015-04-08,D03,R12,Masters,Married
EMP0121,Ira Reddy,Female,1979-06-11,2023-02-25,D03,R06,Masters,Married
EMP0122,Ayaan Patel,Male,1984-05-19,2017-07-30,D09,R17,Bachelors,Single
EMP0123,Ishaan Choudhary,Male,1981-07-08,2020-07-24,D07,R18,Bachelors,Married
EMP0124,Priya Iyer,Female,1978-02-15,2017-05-15,D02,R09,Bachelors,Single
EMP0125,Ayaan Choudhary,Male,1978-05-24,2022-12-24,D02,R09,Masters,Single
EMP0126,Aarav Reddy,Male,2001-10-17,2019-07-17,D07,R18,Bachelors,Married
EMP0127,Saanvi Desai,Female,1980-10-14,2020-09-15,D07,R18,Bachelors,Single
EMP0128,Sai Iyer,Male,1990-01-19,2019-08-13,D10,R19,Bachelors,Married
EMP0129,Rahul Patel,Male,2002-06-08,2022-07-11,D01,R01,Bachelors,Single
EMP0130,Ira Iyer,Female,2002-09-09,2019-12-20,D07,R18,PhD,Married
EMP0131,Amit Iyer,Male,2000-01-17,2018-03-04,D01,R06,Bachelors,Married
EMP0132,Dhruv Rao,Male,1983-05-08,2015-11-10,D01,R03,Bachelors,Married
EMP0133,Ishaan Kumar,Male,1979-10-16,2020-03-04,D02,R09,Bachelors,Single
EMP0134,Krishna Patel,Male,1988-08-23,2016-07-24,D08,R07,Bachelors,Single
EMP0135,Rohan Kumar,Male,1981-02-11,2018-03-26,D07,R18,Bachelors,Married
EMP0136,Aarohi Iyer,Female,1983-01-06,2018-01-06,D03,R13,Bachelors,Married
EMP0137,Vihaan Singh,Male,1980-03-25,2020-08-27,D09,R17,MBA,Married
EMP0138,Sara Kumar,Female,1986-05-03,2021-09-08,D09,R09,Bachelors,Married
EMP0139,Aarohi Patil,Female,1992-07-16,2021-01-11,D04,R15,Bachelors,Married
EMP0140,Aditya Patel,Male,1976-06-06,2019-12-18,D03,R06,Masters,Married
EMP0141,Ishaan Sharma,Male,1993-09-06,2016-12-27,D09,R09,Bachelors,Married
EMP0142,Rahul Gupta,Male,2004-04-25,2023-06-30,D01,R02,Masters,Married
EMP0143,Dhruv Deshmukh,Male,1982-07-11,2015-01-15,D01,R02,Bachelors,Single
EMP0144,Sai Kumar,Male,1987-02-03,2021-01-25,D02,R11,Bachelors,Single
EMP0145,Pari Singh,Female,2003-11-11,2024-04-04,D03,R12,Bachelors,Married
EMP0146,Reyansh Mehta,Male,1992-04-23,2021-03-24,D08,R07,Bachelors,Married
EMP0147,Rahul Reddy,Male,2004-04-28,2020-06-20,D01,R01,Masters,Married
EMP0148,Neha Sharma,Female,2004-06-30,2016-02-02,D03,R12,Bachelors,Married
EMP0149,Riya Kumar,Female,1995-03-23,2022-01-14,D02,R10,MBA,Married
EMP0150,Avni Patel,Female,1979-10-11,2021-12-10,D02,R09,Masters,Married
EMP0151,Riya Verma,Female,1984-10-17,2018-09-30,D04,R14,Bachelors,Married
EMP0152,Reyansh Reddy,Male,1975-07-11,2020-05-08,D06,R17,Bachelors,Single
EMP0153,Aditya Mehta,Male,1985-11-26,2020-08-16,D01,R04,Bachelors,Single
EMP0154,Yash Deshmukh,Male,1976-09-26,2022-02-23,D06,R17,Bachelors,Married
EMP0155,Krishna Gupta,Male,2000-03-28,2020-03-17,D02,R09,Bachelors,Married
EMP0156,Myra Joshi,Female,1990-12-09,2021-04-12,D05,R06,Bachelors,Married
EMP0157,Aarav Deshmukh,Male,2002-07-05,2015-01-30,D03,R06,Bachelors,Single
EMP0158,Pari Kumar,Female,2002-07-20,2023-11-07,D01,R01,Bachelors,Single
EMP0159,Rohan Singh,Male,1975-02-17,2017-04-20,D01,R02,Bachelors,Single
EMP0160,Riya Choudhary,Female,1988-08-10,2021-01-03,D02,R11,Bachelors,Married
EMP0161,Rohan Verma,Male,1981-09-25,2023-01-21,D02,R11,Bachelors,Single
EMP0162,Ananya Sharma,Female,1985-01-04,2024-04-17,D07,R18,MBA,Single
EMP0163,Tara Iyer,Female,2003-04-05,2015-06-06,D01,R02,Bachelors,Single
EMP0164,Reyansh Sharma,Male,2002-08-27,2017-02-03,D02,R10,Masters,Married
EMP0165,Sara Joshi,Female,2000-05-16,2023-07-16,D09,R10,Bachelors,Married
EMP0166,Karan Patil,Male,1999-10-25,2021-09-29,D07,R18,Bachelors,Single
EMP0167,Reyansh Rao,Male,1991-09-20,2015-12-23,D06,R17,Masters,Married
EMP0168,Nisha Singh,Female,1987-03-25,2017-10-04,D04,R14,Bachelors,Single
EMP0169,Kabir Sharma,Male,1984-09-25,2023-08-29,D09,R17,Bachelors,Married
EMP0170,Ira Verma,Female,1979-08-31,2019-01-28,D04,R14,MBA,Married
EMP0171,Rohan Khan,Male,1981-03-16,2024-01-12,D07,R01,Bachelors,Married
EMP0172,Aarohi Iyer,Female,1994-12-02,2017-04-16,D02,R09,Bachelors,Married
EMP0173,Tara Mehta,Female,1981-01-14,2018-06-23,D06,R17,MBA,Married
EMP0174,Saanvi Desai,Female,1999-05-22,2017-01-09,D08,R20,Bachelors,Single
EMP0175,Kiara Mehta,Female,1996-10-22,2017-08-21,D06,R17,Bachelors,Married
EMP0176,Arjun Patil,Male,1999-11-15,2018-06-15,D01,R01,Bachelors,Married
EMP0177,Vihaan Joshi,Male,2000-01-02,2015-01-08,D06,R17,Masters,Married
EMP0178,Pari Reddy,Female,1986-04-26,2017-02-07,D01,R02,Masters,Married
EMP0179,Krishna Desai,Male,2001-05-13,2022-07-12,D02,R09,MBA,Single
EMP0180,Krishna Mehta,Male,1994-04-30,2020-10-22,D01,R02,Masters,Single
EMP0181,Reyansh Mehta,Male,1992-01-05,2020-06-10,D01,R01,Masters,Married
EMP0182,Vivaan Patil,Male,1981-10-05,2021-06-14,D03,R12,Masters,Single
EMP0183,Vihaan Patel,Male,2000-08-25,2018-02-15,D06,R17,Bachelors,Single
EMP0184,Rahul Choudhary,Male,1981-11-17,2015-11-22,D01,R01,Bachelors,Married
EMP0185,Rahul Kumar,Male,1997-03-28,2022-02-16,D02,R09,MBA,Single
EMP0186,Tara Kumar,Female,1977-12-08,2022-04-14,D01,R02,MBA,Married
EMP0187,Priya Patel,Female,1986-08-14,2016-05-28,D01,R04,Masters,Single
EMP0188,Dhruv Gupta,Male,2003-07-20,2018-10-07,D10,R06,Masters,Married
EMP0189,Rahul Choudhary,Male,1987-06-24,2015-10-20,D02,R09,Bachelors,Married
EMP0190,Ishaan Deshmukh,Male,1994-07-07,2023-08-29,D08,R20,Bachelors,Single
EMP0191,Yash Choudhary,Male,1978-08-25,2015-03-08,D06,R17,Masters,Single
EMP0192,Priya Gupta,Female,1989-11-21,2019-06-11,D01,R02,MBA,Married
EMP0193,Sara Reddy,Female,1980-01-19,2022-06-19,D01,R02,PhD,Single
EMP0194,Kiara Gupta,Female,2004-11-30,2023-06-28,D10,R07,Bachelors,Married
EMP0195,Priya Mehta,Female,1976-06-06,2019-08-28,D06,R06,MBA,Married
EMP0196,Meera Patel,Female,1984-10-12,2018-11-24,D01,R01,Bachelors,Single
EMP0197,Priya Rao,Female,1982-12-15,2021-10-10,D07,R18,Bachelors,Married
EMP0198,Aarohi Reddy,Female,1978-08-20,2016-02-06,D07,R18,Bachelors,Married
EMP0199,Nisha Sharma,Female,1985-12-11,2016-03-27,D02,R09,Masters,Married
EMP0200,Vihaan Gupta,Male,1979-09-03,2017-08-23,D07,R18,MBA,Married
EMP0201,Ayaan Deshmukh,Male,1978-07-30,2018-07-16,D01,R02,Masters,Married
EMP0202,Riya Singh,Female,1990-11-23,2023-12-24,D04,R14,Masters,Single
EMP0203,Ishaan Khan,Male,1985-11-14,2021-06-07,D09,R17,Bachelors,Married
EMP0204,Kiara Gupta,Female,1990-10-22,2022-04-19,D01,R02,Bachelors,Single
EMP0205,Vivaan Kumar,Male,2000-05-21,2022-03-08,D02,R10,Bachelors,Single
EMP0206,Vivaan Iyer,Male,1994-10-13,2023-10-06,D03,R06,Bachelors,Married
EMP0207,Aditya Khan,Male,1981-08-15,2021-01-21,D08,R20,MBA,Married
EMP0208,Dhruv Sharma,Male,2004-02-07,2020-07-28,D09,R09,Bachelors,Married
EMP0209,Ira Nair,Female,2000-11-06,2020-09-03,D01,R02,Masters,Married
EMP0210,Riya Reddy,Female,1987-07-31,2016-10-01,D01,R02,MBA,Single
EMP0211,Ayaan Singh,Male,1990-11-28,2016-10-21,D10,R03,Masters,Married
EMP0212,Dhruv Rao,Male,1977-06-18,2015-12-25,D01,R04,Bachelors,Single
EMP0213,Yash Gupta,Male,1979-07-16,2018-12-28,D10,R19,Masters,Married
EMP0214,Aarav Rao,Male,2000-04-23,2023-11-05,D06,R17,Bachelors,Married
EMP0215,Aditya Singh,Male,1981-01-19,2015-06-24,D01,R02,Bachelors,Single
EMP0216,Kabir Kumar,Male,1999-10-17,2015-02-26,D02,R10,Bachelors,Married
EMP0217,Reyansh Iyer,Male,1995-12-02,2024-03-04,D01,R02,Masters,Single
EMP0218,Aditya Choudhary,Male,1978-11-28,2016-05-19,D04,R15,Bachelors,Married
EMP0219,Dhruv Choudhary,Male,1982-11-09,2018-10-10,D02,R09,Masters,Married
EMP0220,Priya Nair,Female,1987-03-31,2023-03-14,D01,R03,PhD,Single
EMP0221,Meera Patel,Female,1998-10-27,2015-05-20,D01,R02,MBA,Married
EMP0222,Riya Mehta,Female,1984-09-16,2020-06-17,D05,R06,Bachelors,Single
EMP0223,Pooja Joshi,Female,1992-07-23,2017-06-03,D01,R02,Masters,Single
EMP0224,Aarav Reddy,Male,1999-04-15,2019-08-12,D03,R12,Bachelors,Married
EMP0225,Aditya Khan,Male,1981-06-03,2016-10-04,D01,R03,Masters,Married
EMP0226,Vivaan Joshi,Male,2001-03-09,2020-07-31,D07,R18,Masters,Single
EMP0227,Kabir Choudhary,Male,2003-05-17,2023-06-30,D01,R04,Bachelors,Married
EMP0228,Sneha Singh,Female,1997-10-20,2015-11-27,D03,R13,Bachelors,Married
EMP0229,Nisha Desai,Female,1995-02-03,2018-04-29,D09,R09,Masters,Married
EMP0230,Reyansh Kumar,Male,1992-09-25,2018-09-23,D01,R08,Masters,Single
EMP0231,Nisha Singh,Female,1997-12-23,2016-01-30,D02,R09,MBA,Single
EMP0232,Myra Iyer,Female,1999-03-13,2020-04-19,D01,R02,Bachelors,Married
EMP0233,Amit Deshmukh,Male,1995-09-13,2017-06-17,D01,R01,Bachelors,Married
EMP0234,Neha Mehta,Female,1989-09-04,2020-08-24,D01,R01,Bachelors,Single
EMP0235,Reyansh Rao,Male,1993-12-01,2019-12-07,D05,R07,Bachelors,Married
EMP0236,Pari Verma,Female,2001-08-13,2016-02-16,D01,R02,Bachelors,Married
EMP0237,Dhruv Singh,Male,1988-08-01,2018-07-13,D01,R05,Masters,Married
EMP0238,Karan Singh,Male,2003-09-20,2019-09-08,D04,R14,Masters,Married
EMP0239,Vihaan Gupta,Male,1991-01-05,2023-09-27,D05,R06,Masters,Single
EMP0240,Yash Sharma,Male,1992-12-08,2022-03-28,D01,R01,Bachelors,Single
EMP0241,Arjun Gupta,Male,1992-02-08,2018-01-23,D02,R09,Masters,Married
EMP0242,Priya Verma,Female,1989-12-29,2021-08-17,D10,R07,Bachelors,Single
EMP0243,Sai Nair,Male,2002-09-11,2023-02-27,D01,R03,Masters,Married
EMP0244,Priya Choudhary,Female,1986-08-07,2019-12-21,D07,R18,Bachelors,Married
EMP0245,Rahul Choudhary,Male,1979-06-14,2021-02-19,D08,R06,Bachelors,Single
EMP0246,Vivaan Iyer,Male,1975-04-01,2020-12-17,D09,R17,Bachelors,Single
EMP0247,Priya Patel,Female,1994-12-25,2021-06-05,D08,R06,Bachelors,Single
EMP0248,Rahul Reddy,Male,1982-03-17,2015-05-17,D05,R16,Bachelors,Married
EMP0249,Dhruv Khan,Male,1978-05-01,2023-02-02,D10,R19,Masters,Single
EMP0250,Dhruv Desai,Male,1998-12-18,2017-06-23,D05,R16,Bachelors,Single
EMP0251,Arjun Iyer,Male,1993-08-22,2021-02-19,D07,R02,Bachelors,Single
EMP0252,Dhruv Patil,Male,1997-08-05,2019-10-12,D06,R17,MBA,Single
EMP0253,Krishna Iyer,Male,1980-12-28,2016-02-26,D06,R17,Bachelors,Married
EMP0254,Kabir Mehta,Male,1985-02-03,2020-05-31,D07,R18,Masters,Single
EMP0255,Pooja Verma,Female,1995-08-01,2022-01-06,D03,R12,Bachelors,Married
EMP0256,Ishaan Gupta,Male,1984-01-28,2016-07-15,D09,R17,Masters,Single
EMP0257,Dhruv Khan,Male,1983-09-19,2023-12-04,D01,R04,Bachelors,Married
EMP0258,Rahul Deshmukh,Male,1991-12-25,2018-11-09,D05,R07,Bachelors,Single
EMP0259,Kiara Rao,Female,1979-12-11,2016-09-16,D06,R17,Bachelors,Married
EMP0260,Sara Singh,Female,1984-10-19,2018-08-24,D09,R17,Masters,Married
EMP0261,Sai Patil,Male,2002-12-01,2019-05-12,D04,R14,MBA,Married
EMP0262,Kiara Reddy,Female,1979-09-19,2015-10-28,D01,R02,Bachelors,Married
EMP0263,Diya Patil,Female,1991-04-29,2018-04-20,D09,R17,Masters,Single
EMP0264,Meera Sharma,Female,1992-09-23,2015-04-14,D07,R18,Masters,Married
EMP0265,Kabir Patel,Male,1997-04-19,2016-12-29,D03,R13,Bachelors,Married
EMP0266,Reyansh Sharma,Male,1981-10-26,2017-08-17,D01,R01,Bachelors,Single
EMP0267,Sneha Joshi,Female,1986-02-02,2023-06-29,D04,R14,Masters,Married
EMP0268,Dhruv Patil,Male,1977-04-10,2023-10-19,D01,R01,Bachelors,Single
EMP0269,Pari Verma,Female,1976-06-04,2021-02-10,D01,R05,Masters,Married
EMP0270,Dhruv Iyer,Male,1997-04-02,2019-02-06,D03,R12,Bachelors,Married
EMP0271,Rohan Khan,Male,1989-10-11,2019-04-25,D01,R06,MBA,Single
EMP0272,Krishna Deshmukh,Male,1996-01-14,2018-06-30,D08,R20,Bachelors,Married
EMP0273,Amit Rao,Male,1994-03-09,2017-12-31,D02,R09,PhD,Single
EMP0274,Sara Choudhary,Female,2000-03-08,2020-10-14,D03,R13,Masters,Married
EMP0275,Dhruv Patel,Male,2000-10-13,2022-06-29,D01,R07,Masters,Single
EMP0276,Karan Singh,Male,1989-08-16,2020-12-18,D10,R03,Bachelors,Single
EMP0277,Karan Gupta,Male,1989-05-30,2016-07-29,D06,R17,Bachelors,Married
EMP0278,Reyansh Verma,Male,2003-02-01,2022-11-24,D02,R10,Bachelors,Married
EMP0279,Rahul Singh,Male,1986-06-18,2021-04-13,D09,R17,Bachelors,Married
EMP0280,Kabir Deshmukh,Male,1998-10-21,2018-07-10,D01,R01,Bachelors,Single
EMP0281,Avni Choudhary,Female,1996-03-14,2024-03-04,D08,R07,Bachelors,Married
EMP0282,Diya Deshmukh,Female,1976-01-30,2016-09-25,D09,R09,Bachelors,Single
EMP0283,Riya Singh,Female,1998-08-12,2017-09-19,D09,R17,Bachelors,Married
EMP0284,Vivaan Singh,Male,1980-02-16,2016-07-29,D08,R03,Masters,Single
EMP0285,Sai Khan,Male,2003-09-04,2022-07-01,D01,R04,Bachelors,Married
EMP0286,Amit Sharma,Male,1997-11-02,2022-06-14,D07,R02,Bachelors,Married
EMP0287,Krishna Deshmukh,Male,1985-02-04,2018-12-18,D02,R09,Bachelors,Married
EMP0288,Atharv Patil,Male,1980-10-11,2016-12-16,D01,R02,Bachelors,Single
EMP0289,Ishaan Sharma,Male,1989-08-29,2023-04-04,D01,R07,Bachelors,Married
EMP0290,Arjun Gupta,Male,1989-11-06,2022-12-16,D06,R06,Bachelors,Married
EMP0291,Priya Reddy,Female,1991-03-24,2016-08-16,D07,R18,Bachelors,Single
EMP0292,Nisha Sharma,Female,1980-04-24,2015-11-02,D01,R03,Masters,Married
EMP0293,Krishna Patel,Male,1994-08-02,2018-03-31,D08,R20,MBA,Single
EMP0294,Kiara Deshmukh,Female,1997-08-31,2023-09-06,D06,R17,Bachelors,Single
EMP0295,Saanvi Mehta,Female,1975-11-15,2017-05-25,D02,R10,Bachelors,Married
EMP0296,Pari Gupta,Female,1983-07-29,2022-10-18,D05,R16,Masters,Married
EMP0297,Krishna Joshi,Male,1989-10-29,2020-07-31,D09,R09,MBA,Single
EMP0298,Sai Mehta,Male,1984-10-16,2021-10-29,D05,R16,Masters,Single
EMP0299,Meera Gupta,Female,1978-08-27,2018-02-21,D08,R20,Bachelors,Single
EMP0300,Rohan Rao,Male,1983-03-25,2020-12-25,D05,R16,Masters,Married
EMP0301,Sai Joshi,Male,1994-01-20,2016-04-30,D08,R08,Bachelors,Married
EMP0302,Amit Nair,Male,1975-03-17,2021-12-20,D09,R10,Bachelors,Married
EMP0303,Riya Singh,Female,1994-07-28,2019-02-20,D06,R07,Masters,Married
EMP0304,Aarav Choudhary,Male,1993-02-12,2023-11-15,D01,R03,Masters,Married
EMP0305,Arjun Reddy,Male,1991-07-19,2015-08-10,D09,R17,Bachelors,Married
EMP0306,Rohan Rao,Male,1980-08-09,2022-09-07,D09,R17,Masters,Married
EMP0307,Saanvi Joshi,Female,1993-11-02,2015-01-30,D09,R17,MBA,Married
EMP0308,Pooja Mehta,Female,1994-07-18,2020-11-06,D02,R09,Bachelors,Married
EMP0309,Avni Gupta,Female,1999-04-12,2022-07-02,D01,R01,Bachelors,Married
EMP0310,Vihaan Patel,Male,2002-07-01,2015-04-14,D02,R11,Masters,Married
EMP0311,Atharv Patel,Male,1977-03-27,2021-12-05,D07,R18,Bachelors,Single
EMP0312,Rahul Verma,Male,1988-05-04,2015-03-17,D01,R01,Masters,Single
EMP0313,Amit Singh,Male,2000-08-19,2021-09-28,D01,R04,Masters,Married
EMP0314,Karan Joshi,Male,1997-03-02,2016-08-12,D09,R17,Bachelors,Single
EMP0315,Aditya Rao,Male,1998-03-27,2023-01-24,D06,R06,Masters,Married
EMP0316,Ishaan Desai,Male,1986-03-17,2018-06-24,D04,R14,Bachelors,Single
EMP0317,Diya Mehta,Female,2003-11-06,2021-08-01,D01,R03,Masters,Married
EMP0318,Atharv Kumar,Male,1985-09-15,2017-08-23,D09,R09,MBA,Married
EMP0319,Sneha Choudhary,Female,1994-01-04,2020-02-09,D08,R08,Bachelors,Single
EMP0320,Rohan Gupta,Male,2004-06-02,2018-07-03,D01,R05,Masters,Single
EMP0321,Saanvi Singh,Female,2004-04-01,2018-06-06,D02,R10,Bachelors,Single
EMP0322,Neha Desai,Female,1996-11-18,2017-06-04,D08,R08,Masters,Married
EMP0323,Arjun Rao,Male,1985-10-31,2017-07-31,D07,R18,Masters,Married
EMP0324,Karan Rao,Male,1992-09-02,2021-01-14,D08,R20,Bachelors,Married
EMP0325,Arjun Rao,Male,1990-10-05,2016-04-20,D07,R02,MBA,Single
EMP0326,Vivaan Choudhary,Male,1990-09-25,2018-05-11,D01,R02,Masters,Married
EMP0327,Yash Patil,Male,1980-05-05,2017-05-07,D03,R12,Bachelors,Married
EMP0328,Krishna Rao,Male,1998-05-03,2017-08-18,D01,R01,Bachelors,Married
EMP0329,Dhruv Gupta,Male,1983-04-07,2015-01-28,D04,R14,Masters,Married
EMP0330,Sara Choudhary,Female,2003-11-01,2019-08-22,D01,R01,MBA,Married
EMP0331,Vihaan Gupta,Male,1978-06-11,2020-09-20,D06,R17,Bachelors,Married
EMP0332,Yash Khan,Male,1989-07-30,2019-05-06,D03,R12,Bachelors,Single
EMP0333,Saanvi Reddy,Female,2001-05-14,2017-08-04,D01,R06,Masters,Married
EMP0334,Neha Reddy,Female,2004-09-14,2022-10-17,D08,R07,Masters,Single
EMP0335,Krishna Kumar,Male,1990-09-26,2020-03-31,D01,R01,Bachelors,Single
EMP0336,Saanvi Sharma,Female,1987-03-30,2020-12-30,D01,R03,Masters,Married
EMP0337,Kiara Khan,Female,2000-01-19,2018-06-13,D01,R02,Masters,Married
EMP0338,Aditya Choudhary,Male,1992-04-23,2017-02-10,D02,R11,Masters,Married
EMP0339,Tara Sharma,Female,2004-02-17,2017-02-20,D05,R16,Bachelors,Married
EMP0340,Ishaan Joshi,Male,2001-01-26,2015-04-05,D04,R15,Bachelors,Married
EMP0341,Sai Reddy,Male,1994-09-30,2017-08-05,D06,R17,Bachelors,Married
EMP0342,Reyansh Singh,Male,1993-03-11,2022-12-22,D03,R12,Bachelors,Married
EMP0343,Sara Iyer,Female,2002-11-22,2020-12-15,D01,R02,Masters,Married
EMP0344,Kabir Kumar,Male,1983-04-26,2022-10-27,D02,R09,Bachelors,Single
EMP0345,Vivaan Desai,Male,1983-04-17,2022-10-15,D02,R09,Bachelors,Married
EMP0346,Meera Reddy,Female,1981-12-07,2018-01-01,D07,R18,Bachelors,Married
EMP0347,Yash Kumar,Male,1985-09-29,2020-08-04,D05,R16,Bachelors,Married
EMP0348,Sai Sharma,Male,1990-12-09,2017-05-09,D01,R02,Bachelors,Married
EMP0349,Sai Nair,Male,1996-02-04,2022-07-20,D07,R18,PhD,Single
EMP0350,Arjun Verma,Male,1978-11-29,2015-05-01,D01,R05,Bachelors,Married
EMP0351,Dhruv Khan,Male,1987-12-10,2020-08-07,D04,R15,Masters,Single
EMP0352,Aarohi Singh,Female,2002-07-25,2019-07-05,D09,R17,Masters,Single
EMP0353,Ayaan Patil,Male,2000-05-04,2022-05-28,D10,R06,Masters,Single
EMP0354,Dhruv Gupta,Male,1990-09-22,2020-05-15,D02,R09,MBA,Married
EMP0355,Pooja Singh,Female,1999-02-28,2017-11-28,D07,R18,Bachelors,Married
EMP0356,Ishaan Patel,Male,1980-10-11,2023-03-15,D03,R06,Bachelors,Single
EMP0357,Kabir Gupta,Male,1983-02-01,2016-04-17,D01,R03,Bachelors,Married
EMP0358,Vihaan Kumar,Male,1998-04-12,2022-09-18,D05,R06,Bachelors,Married
EMP0359,Aditya Verma,Male,2004-09-06,2022-05-31,D09,R09,Masters,Single
EMP0360,Sara Verma,Female,1978-01-03,2019-08-14,D07,R18,Masters,Single
EMP0361,Arjun Gupta,Male,1996-01-07,2018-09-15,D06,R17,Masters,Single
EMP0362,Ayaan Singh,Male,1980-10-29,2020-05-09,D09,R17,Bachelors,Married
EMP0363,Diya Rao,Female,1979-12-26,2017-12-15,D03,R12,Bachelors,Married
EMP0364,Yash Nair,Male,1975-02-22,2019-04-30,D01,R02,Bachelors,Married
EMP0365,Ira Singh,Female,1989-09-15,2015-03-28,D08,R03,Bachelors,Single
EMP0366,Pari Iyer,Female,1982-10-13,2022-01-12,D06,R17,Bachelors,Married
EMP0367,Yash Desai,Male,1981-09-23,2018-11-16,D02,R11,MBA,Married
EMP0368,Tara Deshmukh,Female,1986-08-17,2015-01-23,D01,R03,MBA,Married
EMP0369,Sai Iyer,Male,1977-09-23,2017-05-20,D01,R01,Bachelors,Single
EMP0370,Sai Kumar,Male,1979-10-03,2022-05-19,D03,R12,Bachelors,Married
EMP0371,Sara Joshi,Female,1982-05-01,2018-07-05,D09,R17,Masters,Married
EMP0372,Rahul Iyer,Male,1987-03-17,2018-02-06,D06,R06,MBA,Married
EMP0373,Myra Nair,Female,1984-04-15,2019-08-13,D04,R14,Bachelors,Single
EMP0374,Amit Rao,Male,1980-03-25,2016-01-30,D03,R13,Masters,Single
EMP0375,Pooja Patil,Female,1988-08-27,2022-01-18,D08,R20,Bachelors,Married
EMP0376,Sai Mehta,Male,1995-05-27,2018-08-22,D03,R07,Masters,Married
EMP0377,Ira Rao,Female,1976-04-27,2019-02-01,D07,R18,MBA,Married
EMP0378,Myra Mehta,Female,1982-06-23,2019-12-02,D01,R02,MBA,Married
EMP0379,Pooja Khan,Female,1986-06-30,2023-01-28,D03,R12,Bachelors,Single
EMP0380,Aarohi Kumar,Female,2002-12-07,2024-05-26,D09,R09,Bachelors,Single
EMP0381,Avni Rao,Female,1990-04-21,2015-11-15,D09,R17,Bachelors,Single
EMP0382,Krishna Choudhary,Male,1991-12-23,2023-01-15,D09,R17,Bachelors,Married
EMP0383,Tara Joshi,Female,1996-12-22,2017-05-11,D04,R15,Bachelors,Married
EMP0384,Aditya Rao,Male,1991-07-31,2021-03-24,D02,R09,Masters,Single
EMP0385,Krishna Deshmukh,Male,1992-05-14,2023-01-13,D09,R17,MBA,Single
EMP0386,Kabir Iyer,Male,1995-02-03,2023-04-28,D06,R17,Bachelors,Married
EMP0387,Sai Deshmukh,Male,1978-08-22,2023-02-28,D07,R18,Bachelors,Single
EMP0388,Aditya Patil,Male,1985-09-05,2015-06-17,D09,R17,Bachelors,Single
EMP0389,Vivaan Verma,Male,1985-07-09,2023-05-28,D06,R07,Masters,Married
EMP0390,Saanvi Deshmukh,Female,2004-07-23,2023-08-14,D09,R09,Bachelors,Single
EMP0391,Krishna Desai,Male,1989-07-27,2018-09-03,D01,R03,MBA,Married
EMP0392,Reyansh Verma,Male,1992-08-15,2019-04-29,D01,R08,MBA,Married
EMP0393,Vivaan Iyer,Male,1988-09-08,2021-11-19,D03,R12,Bachelors,Single
EMP0394,Sai Kumar,Male,1983-02-26,2016-10-02,D07,R18,MBA,Single
EMP0395,Reyansh Mehta,Male,1977-10-11,2021-04-26,D02,R09,Masters,Married
EMP0396,Karan Reddy,Male,1984-03-12,2021-12-12,D09,R17,MBA,Married
EMP0397,Karan Sharma,Male,1986-12-12,2019-08-25,D02,R10,Masters,Married
EMP0398,Riya Patel,Female,1995-11-04,2015-12-15,D05,R16,Masters,Single
EMP0399,Rahul Joshi,Male,1980-04-03,2023-02-02,D06,R17,Bachelors,Married
EMP0400,Krishna Joshi,Male,1980-01-31,2015-08-01,D01,R02,Bachelors,Married
EMP0401,Myra Iyer,Female,2003-01-27,2022-09-26,D09,R09,Bachelors,Married
EMP0402,Riya Kumar,Female,2003-08-25,2022-03-28,D10,R19,Bachelors,Married
EMP0403,Ishaan Gupta,Male,1976-04-25,2015-10-11,D09,R09,MBA,Married
EMP0404,Diya Verma,Female,2002-07-03,2024-04-12,D05,R16,Masters,Married
EMP0405,Amit Khan,Male,1989-04-11,2023-11-11,D04,R15,Bachelors,Single
EMP0406,Sai Kumar,Male,1991-06-26,2017-08-06,D06,R06,Bachelors,Single
EMP0407,Saanvi Reddy,Female,1982-04-05,2017-03-02,D03,R13,Masters,Single
EMP0408,Tara Sharma,Female,1981-04-10,2022-06-27,D09,R17,Bachelors,Married
EMP0409,Myra Patel,Female,1986-09-26,2021-05-05,D09,R09,Bachelors,Married
EMP0410,Vihaan Reddy,Male,1982-03-02,2023-02-26,D01,R05,Masters,Single
EMP0411,Myra Iyer,Female,1988-05-25,2023-06-22,D09,R09,Bachelors,Married
EMP0412,Priya Patel,Female,1996-09-03,2018-02-18,D05,R16,Bachelors,Married
EMP0413,Aditya Verma,Male,1987-08-30,2019-09-10,D06,R06,Masters,Married
EMP0414,Rohan Choudhary,Male,1998-06-18,2021-12-12,D04,R14,Bachelors,Single
EMP0415,Atharv Patil,Male,1999-09-23,2016-01-05,D02,R11,Bachelors,Married
EMP0416,Ananya Patel,Female,1977-09-19,2021-02-08,D09,R17,Bachelors,Married
EMP0417,Arjun Patel,Male,1987-12-01,2015-11-09,D04,R14,Masters,Married
EMP0418,Yash Rao,Male,1995-09-15,2023-04-27,D07,R02,Bachelors,Married
EMP0419,Kabir Deshmukh,Male,1983-09-15,2022-08-25,D06,R17,Masters,Married
EMP0420,Yash Rao,Male,1977-06-30,2019-10-31,D05,R07,Bachelors,Married
EMP0421,Rahul Patel,Male,1988-09-12,2016-01-21,D01,R02,Bachelors,Single
EMP0422,Rahul Reddy,Male,1994-09-24,2022-10-11,D09,R17,Bachelors,Married
EMP0423,Aditya Khan,Male,1986-06-06,2022-03-11,D02,R09,MBA,Married
EMP0424,Nisha Rao,Female,2002-09-24,2023-03-18,D10,R07,PhD,Single
EMP0425,Krishna Khan,Male,1985-01-19,2018-02-04,D01,R02,Masters,Married
EMP0426,Ira Singh,Female,1975-12-24,2015-01-18,D01,R03,MBA,Single
EMP0427,Rohan Reddy,Male,1978-03-06,2020-08-11,D01,R03,Bachelors,Single
EMP0428,Meera Kumar,Female,1979-12-16,2016-04-29,D08,R08,Bachelors,Married
EMP0429,Ayaan Mehta,Male,1983-12-13,2017-04-18,D01,R03,Bachelors,Single
EMP0430,Saanvi Nair,Female,1977-11-03,2018-02-26,D02,R10,Bachelors,Married
EMP0431,Priya Nair,Female,1993-01-23,2022-10-07,D02,R09,Masters,Single
EMP0432,Arjun Joshi,Male,1977-12-30,2016-07-22,D07,R18,Masters,Single
EMP0433,Nisha Nair,Female,1990-02-27,2018-12-04,D07,R18,Bachelors,Married
EMP0434,Meera Kumar,Female,1989-08-30,2021-09-18,D06,R07,Bachelors,Single
EMP0435,Karan Desai,Male,1988-03-09,2018-12-03,D02,R10,Bachelors,Married
EMP0436,Vivaan Kumar,Male,1990-11-28,2019-05-08,D03,R12,MBA,Single
EMP0437,Rohan Khan,Male,1993-06-11,2016-03-04,D07,R18,Bachelors,Married
EMP0438,Ishaan Deshmukh,Male,1991-06-26,2019-02-19,D03,R12,MBA,Married
EMP0439,Sara Patel,Female,1975-07-09,2018-05-28,D03,R13,Bachelors,Married
EMP0440,Karan Singh,Male,1985-06-27,2016-02-10,D02,R11,Bachelors,Single
EMP0441,Kabir Gupta,Male,1982-07-26,2018-06-26,D01,R02,MBA,Single
EMP0442,Avni Rao,Female,1997-07-26,2015-12-14,D07,R18,Bachelors,Married
EMP0443,Aditya Joshi,Male,1985-03-25,2023-04-04,D02,R09,Bachelors,Single
EMP0444,Ayaan Verma,Male,2003-04-29,2017-04-22,D02,R10,MBA,Single
EMP0445,Riya Joshi,Female,1980-06-21,2019-07-02,D05,R16,Bachelors,Single
EMP0446,Aarav Reddy,Male,1981-12-02,2019-06-23,D01,R06,Bachelors,Married
EMP0447,Tara Mehta,Female,1984-10-23,2017-04-11,D08,R20,Masters,Single
EMP0448,Diya Gupta,Female,1977-12-20,2015-09-19,D09,R17,Bachelors,Single
EMP0449,Ishaan Iyer,Male,1999-07-23,2021-03-12,D10,R06,Bachelors,Married
EMP0450,Avni Khan,Female,1980-03-01,2018-11-25,D02,R09,Masters,Married
EMP0451,Ananya Gupta,Female,1996-01-15,2019-10-18,D06,R17,Bachelors,Single
EMP0452,Priya Choudhary,Female,1980-11-20,2016-12-04,D04,R14,Masters,Married
EMP0453,Avni Choudhary,Female,2004-04-12,2023-06-19,D05,R06,MBA,Married
EMP0454,Sneha Patel,Female,2001-03-08,2018-01-15,D03,R06,Bachelors,Single
EMP0455,Dhruv Choudhary,Male,1999-09-25,2024-05-16,D02,R09,Bachelors,Single
EMP0456,Dhruv Iyer,Male,1992-06-19,2015-02-06,D06,R07,Bachelors,Married
EMP0457,Nisha Desai,Female,2000-10-10,2018-04-07,D07,R18,Bachelors,Married
EMP0458,Sara Reddy,Female,1975-02-05,2015-11-24,D07,R18,Bachelors,Married
EMP0459,Rohan Sharma,Male,1993-04-24,2015-06-08,D01,R05,Masters,Married
EMP0460,Rohan Patil,Male,1992-08-02,2021-12-17,D01,R03,Bachelors,Married
EMP0461,Vihaan Patil,Male,1986-02-19,2018-07-24,D02,R09,Bachelors,Married
EMP0462,Sara Sharma,Female,1983-01-13,2017-05-03,D01,R02,Bachelors,Single
EMP0463,Karan Sharma,Male,1986-05-22,2021-09-11,D07,R18,Bachelors,Married
EMP0464,Rahul Patel,Male,1990-05-24,2020-05-20,D05,R16,Masters,Married
EMP0465,Neha Reddy,Female,1999-02-12,2021-02-08,D06,R07,Masters,Married
EMP0466,Krishna Gupta,Male,1982-01-14,2021-07-25,D03,R12,Masters,Single
EMP0467,Krishna Reddy,Male,2000-12-29,2016-05-26,D07,R18,Masters,Single
EMP0468,Karan Rao,Male,2000-03-16,2020-06-12,D06,R17,Masters,Married
EMP0469,Vihaan Patil,Male,1982-06-21,2022-09-04,D04,R15,Bachelors,Married
EMP0470,Krishna Gupta,Male,1979-06-08,2021-06-10,D09,R10,Masters,Married
EMP0471,Myra Singh,Female,1978-05-25,2023-09-09,D01,R05,Bachelors,Married
EMP0472,Diya Nair,Female,1981-02-05,2024-03-31,D04,R14,Bachelors,Single
EMP0473,Nisha Desai,Female,1992-07-24,2023-07-27,D01,R02,Masters,Married
EMP0474,Aarohi Gupta,Female,1986-08-26,2018-11-03,D08,R20,PhD,Married
EMP0475,Ayaan Kumar,Male,1990-04-06,2018-01-06,D02,R09,Masters,Married
EMP0476,Priya Reddy,Female,1994-10-30,2017-11-18,D01,R02,Bachelors,Single
EMP0477,Sai Mehta,Male,2003-12-24,2017-04-21,D01,R02,Bachelors,Married
EMP0478,Sara Deshmukh,Female,1984-11-26,2020-08-23,D07,R18,Masters,Married
EMP0479,Amit Khan,Male,1992-08-08,2020-09-18,D06,R17,Masters,Single
EMP0480,Tara Iyer,Female,1984-11-26,2024-04-30,D06,R06,Bachelors,Single
EMP0481,Reyansh Joshi,Male,1998-05-25,2021-03-09,D02,R09,Bachelors,Single
EMP0482,Priya Rao,Female,1985-04-13,2019-10-22,D08,R20,Bachelors,Single
EMP0483,Amit Sharma,Male,1987-05-26,2019-07-24,D09,R17,Masters,Single
EMP0484,Reyansh Reddy,Male,1996-02-12,2022-10-28,D01,R02,Bachelors,Single
EMP0485,Yash Desai,Male,2000-10-08,2023-08-10,D01,R03,Bachelors,Married
EMP0486,Aarav Khan,Male,1990-12-13,2023-02-13,D02,R10,Masters,Married
EMP0487,Yash Gupta,Male,2002-08-09,2021-12-21,D01,R01,Bachelors,Married
EMP0488,Atharv Desai,Male,1986-09-27,2019-03-14,D05,R06,Masters,Single
EMP0489,Kiara Nair,Female,1984-04-08,2015-03-20,D01,R02,Bachelors,Single
EMP0490,Vihaan Nair,Male,1996-03-20,2017-03-15,D01,R02,Masters,Married
EMP0491,Kiara Patil,Female,1985-08-05,2018-06-17,D08,R06,Bachelors,Married
EMP0492,Pooja Patil,Female,1997-05-17,2016-02-04,D09,R17,Masters,Married
EMP0493,Arjun Rao,Male,2000-01-26,2022-08-04,D05,R16,MBA,Single
EMP0494,Kiara Patil,Female,1979-01-10,2017-04-17,D05,R06,Bachelors,Single
EMP0495,Vivaan Mehta,Male,1988-10-30,2017-07-07,D09,R17,MBA,Married
EMP0496,Tara Iyer,Female,1985-06-20,2019-12-12,D02,R10,Bachelors,Married
EMP0497,Saanvi Khan,Female,1989-08-16,2024-03-16,D01,R01,Bachelors,Married
EMP0498,Ishaan Patil,Male,1997-01-15,2019-01-08,D09,R17,Bachelors,Married
EMP0499,Ishaan Nair,Male,1982-08-02,2016-06-08,D01,R04,Bachelors,Married
EMP0500,Priya Nair,Female,1981-01-20,2015-06-03,D06,R17,Bachelors,Married
