"employee_id","full_name","gender","date_of_birth","hire_date","dept_id","role_id","education","marital_status","age","working_years"
"EMP0362","Ayaan Singh","Male","1980-10-29","2020-05-09","D09","R17","Bachelors","Married","43","4 years 1 mon 24 days"
"EMP0363","Diya Rao","Female","1979-12-26","2017-12-15","D03","R12","Bachelors","Married","44","6 years 6 mons 18 days"
"EMP0364","Yash Nair","Male","1975-02-22","2019-04-30","D01","R02","Bachelors","Married","49","5 years 2 mons 2 days"
"EMP0365","Ira Singh","Female","1989-09-15","2015-03-28","D08","R03","Bachelors","Single","34","9 years 3 mons 5 days"
"EMP0366","Pari Iyer","Female","1982-10-13","2022-01-12","D06","R17","Bachelors","Married","41","2 years 5 mons 21 days"
"EMP0368","Tara Deshmukh","Female","1986-08-17","2015-01-23","D01","R03","MBA","Married","37","9 years 5 mons 10 days"
"EMP0369","Sai Iyer","Male","1977-09-23","2017-05-20","D01","R01","Bachelors","Single","46","7 years 1 mon 13 days"
"EMP0370","Sai Kumar","Male","1979-10-03","2022-05-19","D03","R12","Bachelors","Married","44","2 years 1 mon 14 days"
"EMP0371","Sara Joshi","Female","1982-05-01","2018-07-05","D09","R17","Masters","Married","42","5 years 11 mons 28 days"
"EMP0372","Rahul Iyer","Male","1987-03-17","2018-02-06","D06","R06","MBA","Married","37","6 years 4 mons 24 days"
"EMP0373","Myra Nair","Female","1984-04-15","2019-08-13","D04","R14","Bachelors","Single","40","4 years 10 mons 20 days"
"EMP0374","Amit Rao","Male","1980-03-25","2016-01-30","D03","R13","Masters","Single","44","8 years 5 mons 3 days"
"EMP0375","Pooja Patil","Female","1988-08-27","2022-01-18","D08","R20","Bachelors","Married","35","2 years 5 mons 15 days"
"EMP0376","Sai Mehta","Male","1995-05-27","2018-08-22","D03","R07","Masters","Married","29","5 years 10 mons 11 days"
"EMP0417","Arjun Patel","Male","1987-12-01","2015-11-09","D04","R14","Masters","Married","36","8 years 7 mons 23 days"
"EMP0418","Yash Rao","Male","1995-09-15","2023-04-27","D07","R02","Bachelors","Married","28","1 year 2 mons 5 days"
"EMP0419","Kabir Deshmukh","Male","1983-09-15","2022-08-25","D06","R17","Masters","Married","40","1 year 10 mons 8 days"
"EMP0420","Yash Rao","Male","1977-06-30","2019-10-31","D05","R07","Bachelors","Married","47","4 years 8 mons 2 days"
"EMP0421","Rahul Patel","Male","1988-09-12","2016-01-21","D01","R02","Bachelors","Single","35","8 years 5 mons 12 days"
"EMP0422","Rahul Reddy","Male","1994-09-24","2022-10-11","D09","R17","Bachelors","Married","29","1 year 8 mons 22 days"
"EMP0439","Sara Patel","Female","1975-07-09","2018-05-28","D03","R13","Bachelors","Married","48","6 years 1 mon 5 days"
"EMP0440","Karan Singh","Male","1985-06-27","2016-02-10","D02","R11","Bachelors","Single","39","8 years 4 mons 21 days"
"EMP0441","Kabir Gupta","Male","1982-07-26","2018-06-26","D01","R02","MBA","Single","41","6 years 6 days"
"EMP0442","Avni Rao","Female","1997-07-26","2015-12-14","D07","R18","Bachelors","Married","26","8 years 6 mons 19 days"
"EMP0443","Aditya Joshi","Male","1985-03-25","2023-04-04","D02","R09","Bachelors","Single","39","1 year 2 mons 28 days"
"EMP0444","Ayaan Verma","Male","2003-04-29","2017-04-22","D02","R10","MBA","Single","21","7 years 2 mons 10 days"
"EMP0445","Riya Joshi","Female","1980-06-21","2019-07-02","D05","R16","Bachelors","Single","44","5 years"
"EMP0446","Aarav Reddy","Male","1981-12-02","2019-06-23","D01","R06","Bachelors","Married","42","5 years 9 days"
"EMP0447","Tara Mehta","Female","1984-10-23","2017-04-11","D08","R20","Masters","Single","39","7 years 2 mons 21 days"
"EMP0448","Diya Gupta","Female","1977-12-20","2015-09-19","D09","R17","Bachelors","Single","46","8 years 9 mons 13 days"
"EMP0449","Ishaan Iyer","Male","1999-07-23","2021-03-12","D10","R06","Bachelors","Married","24","3 years 3 mons 21 days"
"EMP0450","Avni Khan","Female","1980-03-01","2018-11-25","D02","R09","Masters","Married","44","5 years 7 mons 7 days"
"EMP0451","Ananya Gupta","Female","1996-01-15","2019-10-18","D06","R17","Bachelors","Single","28","4 years 8 mons 15 days"
"EMP0452","Priya Choudhary","Female","1980-11-20","2016-12-04","D04","R14","Masters","Married","43","7 years 6 mons 29 days"
"EMP0453","Avni Choudhary","Female","2004-04-12","2023-06-19","D05","R06","MBA","Married","20","1 year 13 days"
"EMP0116","Sara Mehta","Female","1993-08-02","2020-10-01","D03","R13","Bachelors","Married","30","3 years 9 mons 1 day"
"EMP0118","Reyansh Singh","Male","1986-08-05","2022-06-27","D06","R17","Bachelors","Married","37","2 years 5 days"
"EMP0454","Sneha Patel","Female","2001-03-08","2018-01-15","D03","R06","Bachelors","Single","23","6 years 5 mons 18 days"
"EMP0455","Dhruv Choudhary","Male","1999-09-25","2024-05-16","D02","R09","Bachelors","Single","24","1 mon 17 days"
"EMP0456","Dhruv Iyer","Male","1992-06-19","2015-02-06","D06","R07","Bachelors","Married","32","9 years 4 mons 24 days"
"EMP0457","Nisha Desai","Female","2000-10-10","2018-04-07","D07","R18","Bachelors","Married","23","6 years 2 mons 25 days"
"EMP0458","Sara Reddy","Female","1975-02-05","2015-11-24","D07","R18","Bachelors","Married","49","8 years 7 mons 8 days"
"EMP0459","Rohan Sharma","Male","1993-04-24","2015-06-08","D01","R05","Masters","Married","31","9 years 24 days"
"EMP0460","Rohan Patil","Male","1992-08-02","2021-12-17","D01","R03","Bachelors","Married","31","2 years 6 mons 16 days"
"EMP0461","Vihaan Patil","Male","1986-02-19","2018-07-24","D02","R09","Bachelors","Married","38","5 years 11 mons 9 days"
"EMP0462","Sara Sharma","Female","1983-01-13","2017-05-03","D01","R02","Bachelors","Single","41","7 years 1 mon 30 days"
"EMP0463","Karan Sharma","Male","1986-05-22","2021-09-11","D07","R18","Bachelors","Married","38","2 years 9 mons 21 days"
"EMP0464","Rahul Patel","Male","1990-05-24","2020-05-20","D05","R16","Masters","Married","34","4 years 1 mon 13 days"
"EMP0465","Neha Reddy","Female","1999-02-12","2021-02-08","D06","R07","Masters","Married","25","3 years 4 mons 22 days"
"EMP0466","Krishna Gupta","Male","1982-01-14","2021-07-25","D03","R12","Masters","Single","42","2 years 11 mons 8 days"
"EMP0467","Krishna Reddy","Male","2000-12-29","2016-05-26","D07","R18","Masters","Single","23","8 years 1 mon 7 days"
"EMP0468","Karan Rao","Male","2000-03-16","2020-06-12","D06","R17","Masters","Married","24","4 years 20 days"
"EMP0095","Atharv Desai","Male","1982-09-18","2023-03-11","D01","R03","Bachelors","Single","41","1 year 3 mons 22 days"
"EMP0096","Aditya Mehta","Male","1984-01-20","2017-08-20","D09","R09","MBA","Single","40","6 years 10 mons 13 days"
"EMP0469","Vihaan Patil","Male","1982-06-21","2022-09-04","D04","R15","Bachelors","Married","42","1 year 9 mons 28 days"
"EMP0187","Priya Patel","Female","1986-08-14","2016-05-28","D01","R04","Masters","Single","37","8 years 1 mon 5 days"
"EMP0188","Dhruv Gupta","Male","2003-07-20","2018-10-07","D10","R06","Masters","Married","20","5 years 8 mons 26 days"
"EMP0470","Krishna Gupta","Male","1979-06-08","2021-06-10","D09","R10","Masters","Married","45","3 years 22 days"
"EMP0001","Saanvi Singh","Female","1996-04-03","2020-11-24","D03","R07","Masters","Married","28","3 years 7 mons 8 days"
"EMP0002","Yash Sharma","Male","1975-04-22","2018-09-25","D01","R03","Masters","Married","49","5 years 9 mons 7 days"
"EMP0003","Vivaan Singh","Male","1993-06-15","2019-05-03","D06","R06","Masters","Married","31","5 years 1 mon 30 days"
"EMP0004","Diya Singh","Female","1991-09-27","2016-08-11","D06","R17","Bachelors","Married","32","7 years 10 mons 22 days"
"EMP0005","Dhruv Kumar","Male","1994-07-27","2016-02-16","D09","R10","Bachelors","Married","29","8 years 4 mons 15 days"
"EMP0006","Yash Rao","Male","1977-08-08","2020-06-14","D01","R02","Bachelors","Married","46","4 years 18 days"
"EMP0007","Meera Patel","Female","1988-10-15","2018-08-21","D02","R09","Masters","Married","35","5 years 10 mons 12 days"
"EMP0053","Meera Rao","Female","1976-12-04","2020-05-07","D07","R18","Bachelors","Single","47","4 years 1 mon 26 days"
"EMP0079","Aarohi Desai","Female","1990-07-13","2017-12-17","D09","R10","Masters","Single","33","6 years 6 mons 16 days"
"EMP0080","Rahul Patil","Male","1999-03-04","2023-07-07","D10","R07","Masters","Married","25","11 mons 26 days"
"EMP0081","Meera Deshmukh","Female","1981-01-21","2018-02-23","D08","R20","PhD","Single","43","6 years 4 mons 7 days"
"EMP0082","Rahul Joshi","Male","1984-06-06","2018-04-29","D10","R07","Masters","Married","40","6 years 2 mons 3 days"
"EMP0083","Krishna Gupta","Male","1980-05-05","2018-01-16","D02","R09","Masters","Married","44","6 years 5 mons 17 days"
"EMP0084","Pari Singh","Female","1994-08-23","2019-08-10","D04","R14","Bachelors","Married","29","4 years 10 mons 23 days"
"EMP0085","Ananya Reddy","Female","2004-01-22","2017-08-01","D09","R09","Bachelors","Married","20","6 years 11 mons 1 day"
"EMP0016","Ayaan Verma","Male","1979-08-03","2018-12-05","D04","R14","Masters","Married","44","5 years 6 mons 28 days"
"EMP0086","Diya Iyer","Female","1982-03-03","2020-04-05","D08","R06","Bachelors","Married","42","4 years 2 mons 27 days"
"EMP0087","Rohan Joshi","Male","2004-02-19","2023-12-16","D06","R17","Bachelors","Married","20","6 mons 17 days"
"EMP0088","Neha Sharma","Female","1980-03-26","2015-04-13","D01","R02","Masters","Married","44","9 years 2 mons 19 days"
"EMP0089","Rahul Deshmukh","Male","1980-05-12","2020-01-14","D08","R07","Bachelors","Married","44","4 years 5 mons 19 days"
"EMP0229","Nisha Desai","Female","1995-02-03","2018-04-29","D09","R09","Masters","Married","29","6 years 2 mons 3 days"
"EMP0090","Ayaan Desai","Male","1988-02-12","2023-09-09","D02","R11","Bachelors","Married","36","9 mons 23 days"
"EMP0091","Vivaan Nair","Male","1981-06-23","2019-11-23","D09","R10","Masters","Single","43","4 years 7 mons 9 days"
"EMP0092","Reyansh Desai","Male","1997-03-14","2015-02-10","D08","R20","Masters","Married","27","9 years 4 mons 20 days"
"EMP0093","Ira Singh","Female","1998-12-30","2020-04-22","D06","R17","Bachelors","Married","25","4 years 2 mons 10 days"
"EMP0097","Kabir Verma","Male","1980-02-01","2015-07-01","D01","R02","Bachelors","Married","44","9 years 1 day"
"EMP0098","Atharv Gupta","Male","1986-05-26","2016-11-23","D01","R04","MBA","Married","38","7 years 7 mons 9 days"
"EMP0099","Dhruv Patil","Male","1980-04-03","2016-08-01","D10","R19","Bachelors","Single","44","7 years 11 mons 1 day"
"EMP0105","Neha Singh","Female","1987-12-22","2019-10-09","D06","R17","Bachelors","Married","36","4 years 8 mons 24 days"
"EMP0106","Ira Kumar","Female","1997-10-19","2023-07-03","D05","R07","Bachelors","Single","26","11 mons 30 days"
"EMP0107","Krishna Mehta","Male","1981-10-19","2015-04-17","D01","R02","Bachelors","Married","42","9 years 2 mons 15 days"
"EMP0108","Riya Khan","Female","1982-03-20","2021-01-09","D05","R16","Bachelors","Single","42","3 years 5 mons 24 days"
"EMP0109","Dhruv Singh","Male","1997-10-24","2019-12-27","D01","R05","Bachelors","Single","26","4 years 6 mons 6 days"
"EMP0110","Aditya Singh","Male","1987-02-23","2022-12-10","D06","R06","Bachelors","Married","37","1 year 6 mons 23 days"
"EMP0111","Pooja Iyer","Female","1980-11-16","2019-02-17","D10","R19","Bachelors","Single","43","5 years 4 mons 13 days"
"EMP0320","Rohan Gupta","Male","2004-06-02","2018-07-03","D01","R05","Masters","Single","20","5 years 11 mons 30 days"
"EMP0291","Priya Reddy","Female","1991-03-24","2016-08-16","D07","R18","Bachelors","Single","33","7 years 10 mons 17 days"
"EMP0292","Nisha Sharma","Female","1980-04-24","2015-11-02","D01","R03","Masters","Married","44","8 years 8 mons"
"EMP0147","Rahul Reddy","Male","2004-04-28","2020-06-20","D01","R01","Masters","Married","20","4 years 12 days"
"EMP0148","Neha Sharma","Female","2004-06-30","2016-02-02","D03","R12","Bachelors","Married","20","8 years 5 mons"
"EMP0149","Riya Kumar","Female","1995-03-23","2022-01-14","D02","R10","MBA","Married","29","2 years 5 mons 19 days"
"EMP0150","Avni Patel","Female","1979-10-11","2021-12-10","D02","R09","Masters","Married","44","2 years 6 mons 23 days"
"EMP0186","Tara Kumar","Female","1977-12-08","2022-04-14","D01","R02","MBA","Married","46","2 years 2 mons 18 days"
"EMP0232","Myra Iyer","Female","1999-03-13","2020-04-19","D01","R02","Bachelors","Married","25","4 years 2 mons 13 days"
"EMP0305","Arjun Reddy","Male","1991-07-19","2015-08-10","D09","R17","Bachelors","Married","32","8 years 10 mons 23 days"
"EMP0306","Rohan Rao","Male","1980-08-09","2022-09-07","D09","R17","Masters","Married","43","1 year 9 mons 25 days"
"EMP0308","Pooja Mehta","Female","1994-07-18","2020-11-06","D02","R09","Bachelors","Married","29","3 years 7 mons 26 days"
"EMP0309","Avni Gupta","Female","1999-04-12","2022-07-02","D01","R01","Bachelors","Married","25","2 years"
"EMP0310","Vihaan Patel","Male","2002-07-01","2015-04-14","D02","R11","Masters","Married","22","9 years 2 mons 18 days"
"EMP0378","Myra Mehta","Female","1982-06-23","2019-12-02","D01","R02","MBA","Married","42","4 years 7 mons"
"EMP0379","Pooja Khan","Female","1986-06-30","2023-01-28","D03","R12","Bachelors","Single","38","1 year 5 mons 5 days"
"EMP0380","Aarohi Kumar","Female","2002-12-07","2024-05-26","D09","R09","Bachelors","Single","21","1 mon 7 days"
"EMP0381","Avni Rao","Female","1990-04-21","2015-11-15","D09","R17","Bachelors","Single","34","8 years 7 mons 17 days"
"EMP0382","Krishna Choudhary","Male","1991-12-23","2023-01-15","D09","R17","Bachelors","Married","32","1 year 5 mons 18 days"
"EMP0383","Tara Joshi","Female","1996-12-22","2017-05-11","D04","R15","Bachelors","Married","27","7 years 1 mon 22 days"
"EMP0384","Aditya Rao","Male","1991-07-31","2021-03-24","D02","R09","Masters","Single","32","3 years 3 mons 9 days"
"EMP0385","Krishna Deshmukh","Male","1992-05-14","2023-01-13","D09","R17","MBA","Single","32","1 year 5 mons 20 days"
"EMP0386","Kabir Iyer","Male","1995-02-03","2023-04-28","D06","R17","Bachelors","Married","29","1 year 2 mons 4 days"
"EMP0094","Atharv Reddy","Male","1996-06-12","2020-06-08","D01","R01","Masters","Married","28","4 years 24 days"
"EMP0395","Reyansh Mehta","Male","1977-10-11","2021-04-26","D02","R09","Masters","Married","46","3 years 2 mons 6 days"
"EMP0397","Karan Sharma","Male","1986-12-12","2019-08-25","D02","R10","Masters","Married","37","4 years 10 mons 8 days"
"EMP0398","Riya Patel","Female","1995-11-04","2015-12-15","D05","R16","Masters","Single","28","8 years 6 mons 18 days"
"EMP0399","Rahul Joshi","Male","1980-04-03","2023-02-02","D06","R17","Bachelors","Married","44","1 year 5 mons"
"EMP0400","Krishna Joshi","Male","1980-01-31","2015-08-01","D01","R02","Bachelors","Married","44","8 years 11 mons 1 day"
"EMP0401","Myra Iyer","Female","2003-01-27","2022-09-26","D09","R09","Bachelors","Married","21","1 year 9 mons 6 days"
"EMP0402","Riya Kumar","Female","2003-08-25","2022-03-28","D10","R19","Bachelors","Married","20","2 years 3 mons 5 days"
"EMP0403","Ishaan Gupta","Male","1976-04-25","2015-10-11","D09","R09","MBA","Married","48","8 years 8 mons 22 days"
"EMP0404","Diya Verma","Female","2002-07-03","2024-04-12","D05","R16","Masters","Married","21","2 mons 20 days"
"EMP0405","Amit Khan","Male","1989-04-11","2023-11-11","D04","R15","Bachelors","Single","35","7 mons 21 days"
"EMP0406","Sai Kumar","Male","1991-06-26","2017-08-06","D06","R06","Bachelors","Single","33","6 years 10 mons 27 days"
"EMP0407","Saanvi Reddy","Female","1982-04-05","2017-03-02","D03","R13","Masters","Single","42","7 years 4 mons"
"EMP0408","Tara Sharma","Female","1981-04-10","2022-06-27","D09","R17","Bachelors","Married","43","2 years 5 days"
"EMP0409","Myra Patel","Female","1986-09-26","2021-05-05","D09","R09","Bachelors","Married","37","3 years 1 mon 28 days"
"EMP0410","Vihaan Reddy","Male","1982-03-02","2023-02-26","D01","R05","Masters","Single","42","1 year 4 mons 4 days"
"EMP0411","Myra Iyer","Female","1988-05-25","2023-06-22","D09","R09","Bachelors","Married","36","1 year 10 days"
"EMP0412","Priya Patel","Female","1996-09-03","2018-02-18","D05","R16","Bachelors","Married","27","6 years 4 mons 12 days"
"EMP0429","Ayaan Mehta","Male","1983-12-13","2017-04-18","D01","R03","Bachelors","Single","40","7 years 2 mons 14 days"
"EMP0430","Saanvi Nair","Female","1977-11-03","2018-02-26","D02","R10","Bachelors","Married","46","6 years 4 mons 4 days"
"EMP0431","Priya Nair","Female","1993-01-23","2022-10-07","D02","R09","Masters","Single","31","1 year 8 mons 26 days"
"EMP0432","Arjun Joshi","Male","1977-12-30","2016-07-22","D07","R18","Masters","Single","46","7 years 11 mons 11 days"
"EMP0433","Nisha Nair","Female","1990-02-27","2018-12-04","D07","R18","Bachelors","Married","34","5 years 6 mons 29 days"
"EMP0434","Meera Kumar","Female","1989-08-30","2021-09-18","D06","R07","Bachelors","Single","34","2 years 9 mons 14 days"
"EMP0435","Karan Desai","Male","1988-03-09","2018-12-03","D02","R10","Bachelors","Married","36","5 years 6 mons 30 days"
"EMP0436","Vivaan Kumar","Male","1990-11-28","2019-05-08","D03","R12","MBA","Single","33","5 years 1 mon 25 days"
"EMP0437","Rohan Khan","Male","1993-06-11","2016-03-04","D07","R18","Bachelors","Married","31","8 years 3 mons 29 days"
"EMP0438","Ishaan Deshmukh","Male","1991-06-26","2019-02-19","D03","R12","MBA","Married","33","5 years 4 mons 11 days"
"EMP0054","Yash Deshmukh","Male","1989-05-02","2023-09-01","D03","R12","Masters","Single","35","10 mons 1 day"
"EMP0055","Sai Deshmukh","Male","1989-03-12","2015-03-24","D02","R10","Bachelors","Single","35","9 years 3 mons 9 days"
"EMP0056","Aarohi Iyer","Female","1975-12-08","2016-06-29","D09","R09","Bachelors","Single","48","8 years 3 days"
"EMP0057","Ira Joshi","Female","1988-05-17","2020-01-11","D06","R06","Bachelors","Single","36","4 years 5 mons 22 days"
"EMP0144","Sai Kumar","Male","1987-02-03","2021-01-25","D02","R11","Bachelors","Single","37","3 years 5 mons 8 days"
"EMP0471","Myra Singh","Female","1978-05-25","2023-09-09","D01","R05","Bachelors","Married","46","9 mons 23 days"
"EMP0073","Riya Sharma","Female","1985-09-29","2024-03-27","D01","R02","Bachelors","Married","38","3 mons 6 days"
"EMP0074","Rohan Iyer","Male","1986-11-06","2022-10-07","D07","R02","Masters","Married","37","1 year 8 mons 26 days"
"EMP0075","Sara Verma","Female","1976-01-13","2020-02-29","D07","R18","Bachelors","Married","48","4 years 4 mons 2 days"
"EMP0076","Arjun Nair","Male","1997-06-22","2017-01-01","D10","R03","Masters","Married","27","7 years 6 mons 1 day"
"EMP0077","Kabir Choudhary","Male","1994-05-05","2015-05-25","D06","R17","Bachelors","Married","30","9 years 1 mon 8 days"
"EMP0078","Aarav Khan","Male","1980-04-03","2019-07-25","D03","R13","Bachelors","Married","44","4 years 11 mons 8 days"
"EMP0021","Krishna Nair","Male","1992-05-30","2017-01-14","D07","R18","Masters","Married","32","7 years 5 mons 19 days"
"EMP0022","Meera Mehta","Female","1986-11-22","2023-06-14","D03","R13","Bachelors","Single","37","1 year 18 days"
"EMP0190","Ishaan Deshmukh","Male","1994-07-07","2023-08-29","D08","R20","Bachelors","Single","29","10 mons 4 days"
"EMP0191","Yash Choudhary","Male","1978-08-25","2015-03-08","D06","R17","Masters","Single","45","9 years 3 mons 25 days"
"EMP0193","Sara Reddy","Female","1980-01-19","2022-06-19","D01","R02","PhD","Single","44","2 years 13 days"
"EMP0194","Kiara Gupta","Female","2004-11-30","2023-06-28","D10","R07","Bachelors","Married","19","1 year 4 days"
"EMP0195","Priya Mehta","Female","1976-06-06","2019-08-28","D06","R06","MBA","Married","48","4 years 10 mons 5 days"
"EMP0068","Ananya Desai","Female","1979-08-15","2022-08-03","D07","R18","Masters","Single","44","1 year 10 mons 30 days"
"EMP0069","Yash Sharma","Male","1980-03-19","2018-11-20","D07","R18","Masters","Married","44","5 years 7 mons 12 days"
"EMP0070","Dhruv Mehta","Male","2000-07-21","2023-07-24","D03","R12","Bachelors","Married","23","11 mons 9 days"
"EMP0072","Nisha Kumar","Female","1997-07-03","2022-11-27","D01","R01","Masters","Married","26","1 year 7 mons 5 days"
"EMP0250","Dhruv Desai","Male","1998-12-18","2017-06-23","D05","R16","Bachelors","Single","25","7 years 9 days"
"EMP0251","Arjun Iyer","Male","1993-08-22","2021-02-19","D07","R02","Bachelors","Single","30","3 years 4 mons 11 days"
"EMP0252","Dhruv Patil","Male","1997-08-05","2019-10-12","D06","R17","MBA","Single","26","4 years 8 mons 21 days"
"EMP0269","Pari Verma","Female","1976-06-04","2021-02-10","D01","R05","Masters","Married","48","3 years 4 mons 20 days"
"EMP0270","Dhruv Iyer","Male","1997-04-02","2019-02-06","D03","R12","Bachelors","Married","27","5 years 4 mons 24 days"
"EMP0293","Krishna Patel","Male","1994-08-02","2018-03-31","D08","R20","MBA","Single","29","6 years 3 mons 2 days"
"EMP0294","Kiara Deshmukh","Female","1997-08-31","2023-09-06","D06","R17","Bachelors","Single","26","9 mons 26 days"
"EMP0295","Saanvi Mehta","Female","1975-11-15","2017-05-25","D02","R10","Bachelors","Married","48","7 years 1 mon 8 days"
"EMP0296","Pari Gupta","Female","1983-07-29","2022-10-18","D05","R16","Masters","Married","40","1 year 8 mons 15 days"
"EMP0297","Krishna Joshi","Male","1989-10-29","2020-07-31","D09","R09","MBA","Single","34","3 years 11 mons 2 days"
"EMP0298","Sai Mehta","Male","1984-10-16","2021-10-29","D05","R16","Masters","Single","39","2 years 8 mons 4 days"
"EMP0299","Meera Gupta","Female","1978-08-27","2018-02-21","D08","R20","Bachelors","Single","45","6 years 4 mons 9 days"
"EMP0300","Rohan Rao","Male","1983-03-25","2020-12-25","D05","R16","Masters","Married","41","3 years 6 mons 8 days"
"EMP0301","Sai Joshi","Male","1994-01-20","2016-04-30","D08","R08","Bachelors","Married","30","8 years 2 mons 2 days"
"EMP0302","Amit Nair","Male","1975-03-17","2021-12-20","D09","R10","Bachelors","Married","49","2 years 6 mons 13 days"
"EMP0303","Riya Singh","Female","1994-07-28","2019-02-20","D06","R07","Masters","Married","29","5 years 4 mons 10 days"
"EMP0307","Saanvi Joshi","Female","1993-11-02","2015-01-30","D09","R17","MBA","Married","30","9 years 5 mons 3 days"
"EMP0315","Aditya Rao","Male","1998-03-27","2023-01-24","D06","R06","Masters","Married","26","1 year 5 mons 9 days"
"EMP0316","Ishaan Desai","Male","1986-03-17","2018-06-24","D04","R14","Bachelors","Single","38","6 years 8 days"
"EMP0317","Diya Mehta","Female","2003-11-06","2021-08-01","D01","R03","Masters","Married","20","2 years 11 mons 1 day"
"EMP0318","Atharv Kumar","Male","1985-09-15","2017-08-23","D09","R09","MBA","Married","38","6 years 10 mons 10 days"
"EMP0327","Yash Patil","Male","1980-05-05","2017-05-07","D03","R12","Bachelors","Married","44","7 years 1 mon 26 days"
"EMP0328","Krishna Rao","Male","1998-05-03","2017-08-18","D01","R01","Bachelors","Married","26","6 years 10 mons 15 days"
"EMP0329","Dhruv Gupta","Male","1983-04-07","2015-01-28","D04","R14","Masters","Married","41","9 years 5 mons 5 days"
"EMP0330","Sara Choudhary","Female","2003-11-01","2019-08-22","D01","R01","MBA","Married","20","4 years 10 mons 11 days"
"EMP0331","Vihaan Gupta","Male","1978-06-11","2020-09-20","D06","R17","Bachelors","Married","46","3 years 9 mons 12 days"
"EMP0394","Sai Kumar","Male","1983-02-26","2016-10-02","D07","R18","MBA","Single","41","7 years 9 mons"
"EMP0336","Saanvi Sharma","Female","1987-03-30","2020-12-30","D01","R03","Masters","Married","37","3 years 6 mons 3 days"
"EMP0337","Kiara Khan","Female","2000-01-19","2018-06-13","D01","R02","Masters","Married","24","6 years 19 days"
"EMP0338","Aditya Choudhary","Male","1992-04-23","2017-02-10","D02","R11","Masters","Married","32","7 years 4 mons 20 days"
"EMP0339","Tara Sharma","Female","2004-02-17","2017-02-20","D05","R16","Bachelors","Married","20","7 years 4 mons 10 days"
"EMP0340","Ishaan Joshi","Male","2001-01-26","2015-04-05","D04","R15","Bachelors","Married","23","9 years 2 mons 27 days"
"EMP0367","Yash Desai","Male","1981-09-23","2018-11-16","D02","R11","MBA","Married","42","5 years 7 mons 16 days"
"EMP0387","Sai Deshmukh","Male","1978-08-22","2023-02-28","D07","R18","Bachelors","Single","45","1 year 4 mons 2 days"
"EMP0388","Aditya Patil","Male","1985-09-05","2015-06-17","D09","R17","Bachelors","Single","38","9 years 15 days"
"EMP0389","Vivaan Verma","Male","1985-07-09","2023-05-28","D06","R07","Masters","Married","38","1 year 1 mon 5 days"
"EMP0390","Saanvi Deshmukh","Female","2004-07-23","2023-08-14","D09","R09","Bachelors","Single","19","10 mons 19 days"
"EMP0391","Krishna Desai","Male","1989-07-27","2018-09-03","D01","R03","MBA","Married","34","5 years 9 mons 29 days"
"EMP0392","Reyansh Verma","Male","1992-08-15","2019-04-29","D01","R08","MBA","Married","31","5 years 2 mons 3 days"
"EMP0393","Vivaan Iyer","Male","1988-09-08","2021-11-19","D03","R12","Bachelors","Single","35","2 years 7 mons 13 days"
"EMP0396","Karan Reddy","Male","1984-03-12","2021-12-12","D09","R17","MBA","Married","40","2 years 6 mons 21 days"
"EMP0211","Ayaan Singh","Male","1990-11-28","2016-10-21","D10","R03","Masters","Married","33","7 years 8 mons 12 days"
"EMP0212","Dhruv Rao","Male","1977-06-18","2015-12-25","D01","R04","Bachelors","Single","47","8 years 6 mons 8 days"
"EMP0213","Yash Gupta","Male","1979-07-16","2018-12-28","D10","R19","Masters","Married","44","5 years 6 mons 5 days"
"EMP0214","Aarav Rao","Male","2000-04-23","2023-11-05","D06","R17","Bachelors","Married","24","7 mons 27 days"
"EMP0215","Aditya Singh","Male","1981-01-19","2015-06-24","D01","R02","Bachelors","Single","43","9 years 8 days"
"EMP0216","Kabir Kumar","Male","1999-10-17","2015-02-26","D02","R10","Bachelors","Married","24","9 years 4 mons 4 days"
"EMP0217","Reyansh Iyer","Male","1995-12-02","2024-03-04","D01","R02","Masters","Single","28","3 mons 29 days"
"EMP0218","Aditya Choudhary","Male","1978-11-28","2016-05-19","D04","R15","Bachelors","Married","45","8 years 1 mon 14 days"
"EMP0219","Dhruv Choudhary","Male","1982-11-09","2018-10-10","D02","R09","Masters","Married","41","5 years 8 mons 23 days"
"EMP0220","Priya Nair","Female","1987-03-31","2023-03-14","D01","R03","PhD","Single","37","1 year 3 mons 19 days"
"EMP0221","Meera Patel","Female","1998-10-27","2015-05-20","D01","R02","MBA","Married","25","9 years 1 mon 13 days"
"EMP0222","Riya Mehta","Female","1984-09-16","2020-06-17","D05","R06","Bachelors","Single","39","4 years 15 days"
"EMP0123","Ishaan Choudhary","Male","1981-07-08","2020-07-24","D07","R18","Bachelors","Married","42","3 years 11 mons 9 days"
"EMP0124","Priya Iyer","Female","1978-02-15","2017-05-15","D02","R09","Bachelors","Single","46","7 years 1 mon 18 days"
"EMP0125","Ayaan Choudhary","Male","1978-05-24","2022-12-24","D02","R09","Masters","Single","46","1 year 6 mons 9 days"
"EMP0126","Aarav Reddy","Male","2001-10-17","2019-07-17","D07","R18","Bachelors","Married","22","4 years 11 mons 16 days"
"EMP0127","Saanvi Desai","Female","1980-10-14","2020-09-15","D07","R18","Bachelors","Single","43","3 years 9 mons 17 days"
"EMP0128","Sai Iyer","Male","1990-01-19","2019-08-13","D10","R19","Bachelors","Married","34","4 years 10 mons 20 days"
"EMP0129","Rahul Patel","Male","2002-06-08","2022-07-11","D01","R01","Bachelors","Single","22","1 year 11 mons 22 days"
"EMP0130","Ira Iyer","Female","2002-09-09","2019-12-20","D07","R18","PhD","Married","21","4 years 6 mons 13 days"
"EMP0131","Amit Iyer","Male","2000-01-17","2018-03-04","D01","R06","Bachelors","Married","24","6 years 3 mons 29 days"
"EMP0132","Dhruv Rao","Male","1983-05-08","2015-11-10","D01","R03","Bachelors","Married","41","8 years 7 mons 22 days"
"EMP0133","Ishaan Kumar","Male","1979-10-16","2020-03-04","D02","R09","Bachelors","Single","44","4 years 3 mons 29 days"
"EMP0134","Krishna Patel","Male","1988-08-23","2016-07-24","D08","R07","Bachelors","Single","35","7 years 11 mons 9 days"
"EMP0189","Rahul Choudhary","Male","1987-06-24","2015-10-20","D02","R09","Bachelors","Married","37","8 years 8 mons 13 days"
"EMP0100","Aditya Deshmukh","Male","1985-03-01","2019-10-11","D09","R10","Bachelors","Married","39","4 years 8 mons 22 days"
"EMP0101","Aarav Deshmukh","Male","1990-02-20","2023-04-17","D09","R17","Bachelors","Married","34","1 year 2 mons 15 days"
"EMP0102","Arjun Mehta","Male","1991-11-16","2018-06-12","D07","R18","Masters","Married","32","6 years 20 days"
"EMP0103","Diya Desai","Female","1980-10-11","2023-05-05","D01","R01","Bachelors","Married","43","1 year 1 mon 28 days"
"EMP0104","Riya Mehta","Female","2002-01-15","2020-04-15","D03","R13","Masters","Married","22","4 years 2 mons 17 days"
"EMP0112","Reyansh Patil","Male","1994-01-23","2020-12-25","D02","R10","MBA","Single","30","3 years 6 mons 8 days"
"EMP0113","Priya Gupta","Female","1978-09-07","2018-10-04","D03","R12","Bachelors","Married","45","5 years 8 mons 29 days"
"EMP0114","Tara Reddy","Female","1995-07-08","2018-04-09","D07","R18","Bachelors","Single","28","6 years 2 mons 23 days"
"EMP0115","Aarav Desai","Male","1989-08-03","2018-02-19","D02","R09","Bachelors","Single","34","6 years 4 mons 11 days"
"EMP0117","Reyansh Patil","Male","1993-01-27","2019-07-07","D05","R16","Bachelors","Single","31","4 years 11 mons 26 days"
"EMP0163","Tara Iyer","Female","2003-04-05","2015-06-06","D01","R02","Bachelors","Single","21","9 years 26 days"
"EMP0164","Reyansh Sharma","Male","2002-08-27","2017-02-03","D02","R10","Masters","Married","21","7 years 4 mons 27 days"
"EMP0165","Sara Joshi","Female","2000-05-16","2023-07-16","D09","R10","Bachelors","Married","24","11 mons 17 days"
"EMP0166","Karan Patil","Male","1999-10-25","2021-09-29","D07","R18","Bachelors","Single","24","2 years 9 mons 3 days"
"EMP0167","Reyansh Rao","Male","1991-09-20","2015-12-23","D06","R17","Masters","Married","32","8 years 6 mons 10 days"
"EMP0198","Aarohi Reddy","Female","1978-08-20","2016-02-06","D07","R18","Bachelors","Married","45","8 years 4 mons 25 days"
"EMP0199","Nisha Sharma","Female","1985-12-11","2016-03-27","D02","R09","Masters","Married","38","8 years 3 mons 6 days"
"EMP0200","Vihaan Gupta","Male","1979-09-03","2017-08-23","D07","R18","MBA","Married","44","6 years 10 mons 10 days"
"EMP0201","Ayaan Deshmukh","Male","1978-07-30","2018-07-16","D01","R02","Masters","Married","45","5 years 11 mons 17 days"
"EMP0202","Riya Singh","Female","1990-11-23","2023-12-24","D04","R14","Masters","Single","33","6 mons 9 days"
"EMP0203","Ishaan Khan","Male","1985-11-14","2021-06-07","D09","R17","Bachelors","Married","38","3 years 25 days"
"EMP0204","Kiara Gupta","Female","1990-10-22","2022-04-19","D01","R02","Bachelors","Single","33","2 years 2 mons 13 days"
"EMP0205","Vivaan Kumar","Male","2000-05-21","2022-03-08","D02","R10","Bachelors","Single","24","2 years 3 mons 25 days"
"EMP0206","Vivaan Iyer","Male","1994-10-13","2023-10-06","D03","R06","Bachelors","Married","29","8 mons 27 days"
"EMP0207","Aditya Khan","Male","1981-08-15","2021-01-21","D08","R20","MBA","Married","42","3 years 5 mons 12 days"
"EMP0208","Dhruv Sharma","Male","2004-02-07","2020-07-28","D09","R09","Bachelors","Married","20","3 years 11 mons 5 days"
"EMP0209","Ira Nair","Female","2000-11-06","2020-09-03","D01","R02","Masters","Married","23","3 years 9 mons 29 days"
"EMP0210","Riya Reddy","Female","1987-07-31","2016-10-01","D01","R02","MBA","Single","36","7 years 9 mons 1 day"
"EMP0225","Aditya Khan","Male","1981-06-03","2016-10-04","D01","R03","Masters","Married","43","7 years 8 mons 29 days"
"EMP0226","Vivaan Joshi","Male","2001-03-09","2020-07-31","D07","R18","Masters","Single","23","3 years 11 mons 2 days"
"EMP0227","Kabir Choudhary","Male","2003-05-17","2023-06-30","D01","R04","Bachelors","Married","21","1 year 2 days"
"EMP0228","Sneha Singh","Female","1997-10-20","2015-11-27","D03","R13","Bachelors","Married","26","8 years 7 mons 5 days"
"EMP0253","Krishna Iyer","Male","1980-12-28","2016-02-26","D06","R17","Bachelors","Married","43","8 years 4 mons 5 days"
"EMP0254","Kabir Mehta","Male","1985-02-03","2020-05-31","D07","R18","Masters","Single","39","4 years 1 mon 2 days"
"EMP0255","Pooja Verma","Female","1995-08-01","2022-01-06","D03","R12","Bachelors","Married","28","2 years 5 mons 27 days"
"EMP0256","Ishaan Gupta","Male","1984-01-28","2016-07-15","D09","R17","Masters","Single","40","7 years 11 mons 18 days"
"EMP0257","Dhruv Khan","Male","1983-09-19","2023-12-04","D01","R04","Bachelors","Married","40","6 mons 29 days"
"EMP0258","Rahul Deshmukh","Male","1991-12-25","2018-11-09","D05","R07","Bachelors","Single","32","5 years 7 mons 23 days"
"EMP0259","Kiara Rao","Female","1979-12-11","2016-09-16","D06","R17","Bachelors","Married","44","7 years 9 mons 16 days"
"EMP0260","Sara Singh","Female","1984-10-19","2018-08-24","D09","R17","Masters","Married","39","5 years 10 mons 9 days"
"EMP0261","Sai Patil","Male","2002-12-01","2019-05-12","D04","R14","MBA","Married","21","5 years 1 mon 21 days"
"EMP0262","Kiara Reddy","Female","1979-09-19","2015-10-28","D01","R02","Bachelors","Married","44","8 years 8 mons 5 days"
"EMP0263","Diya Patil","Female","1991-04-29","2018-04-20","D09","R17","Masters","Single","33","6 years 2 mons 12 days"
"EMP0264","Meera Sharma","Female","1992-09-23","2015-04-14","D07","R18","Masters","Married","31","9 years 2 mons 18 days"
"EMP0265","Kabir Patel","Male","1997-04-19","2016-12-29","D03","R13","Bachelors","Married","27","7 years 6 mons 4 days"
"EMP0266","Reyansh Sharma","Male","1981-10-26","2017-08-17","D01","R01","Bachelors","Single","42","6 years 10 mons 16 days"
"EMP0267","Sneha Joshi","Female","1986-02-02","2023-06-29","D04","R14","Masters","Married","38","1 year 3 days"
"EMP0268","Dhruv Patil","Male","1977-04-10","2023-10-19","D01","R01","Bachelors","Single","47","8 mons 14 days"
"EMP0304","Aarav Choudhary","Male","1993-02-12","2023-11-15","D01","R03","Masters","Married","31","7 mons 17 days"
"EMP0319","Sneha Choudhary","Female","1994-01-04","2020-02-09","D08","R08","Bachelors","Single","30","4 years 4 mons 22 days"
"EMP0192","Priya Gupta","Female","1989-11-21","2019-06-11","D01","R02","MBA","Married","34","5 years 21 days"
"EMP0321","Saanvi Singh","Female","2004-04-01","2018-06-06","D02","R10","Bachelors","Single","20","6 years 26 days"
"EMP0322","Neha Desai","Female","1996-11-18","2017-06-04","D08","R08","Masters","Married","27","7 years 28 days"
"EMP0323","Arjun Rao","Male","1985-10-31","2017-07-31","D07","R18","Masters","Married","38","6 years 11 mons 2 days"
"EMP0324","Karan Rao","Male","1992-09-02","2021-01-14","D08","R20","Bachelors","Married","31","3 years 5 mons 19 days"
"EMP0325","Arjun Rao","Male","1990-10-05","2016-04-20","D07","R02","MBA","Single","33","8 years 2 mons 12 days"
"EMP0326","Vivaan Choudhary","Male","1990-09-25","2018-05-11","D01","R02","Masters","Married","33","6 years 1 mon 22 days"
"EMP0234","Neha Mehta","Female","1989-09-04","2020-08-24","D01","R01","Bachelors","Single","34","3 years 10 mons 9 days"
"EMP0235","Reyansh Rao","Male","1993-12-01","2019-12-07","D05","R07","Bachelors","Married","30","4 years 6 mons 26 days"
"EMP0236","Pari Verma","Female","2001-08-13","2016-02-16","D01","R02","Bachelors","Married","22","8 years 4 mons 15 days"
"EMP0237","Dhruv Singh","Male","1988-08-01","2018-07-13","D01","R05","Masters","Married","35","5 years 11 mons 20 days"
"EMP0238","Karan Singh","Male","2003-09-20","2019-09-08","D04","R14","Masters","Married","20","4 years 9 mons 24 days"
"EMP0239","Vihaan Gupta","Male","1991-01-05","2023-09-27","D05","R06","Masters","Single","33","9 mons 5 days"
"EMP0240","Yash Sharma","Male","1992-12-08","2022-03-28","D01","R01","Bachelors","Single","31","2 years 3 mons 5 days"
"EMP0472","Diya Nair","Female","1981-02-05","2024-03-31","D04","R14","Bachelors","Single","43","3 mons 2 days"
"EMP0473","Nisha Desai","Female","1992-07-24","2023-07-27","D01","R02","Masters","Married","31","11 mons 6 days"
"EMP0474","Aarohi Gupta","Female","1986-08-26","2018-11-03","D08","R20","PhD","Married","37","5 years 7 mons 29 days"
"EMP0475","Ayaan Kumar","Male","1990-04-06","2018-01-06","D02","R09","Masters","Married","34","6 years 5 mons 27 days"
"EMP0230","Reyansh Kumar","Male","1992-09-25","2018-09-23","D01","R08","Masters","Single","31","5 years 9 mons 9 days"
"EMP0231","Nisha Singh","Female","1997-12-23","2016-01-30","D02","R09","MBA","Single","26","8 years 5 mons 3 days"
"EMP0241","Arjun Gupta","Male","1992-02-08","2018-01-23","D02","R09","Masters","Married","32","6 years 5 mons 10 days"
"EMP0242","Priya Verma","Female","1989-12-29","2021-08-17","D10","R07","Bachelors","Single","34","2 years 10 mons 16 days"
"EMP0243","Sai Nair","Male","2002-09-11","2023-02-27","D01","R03","Masters","Married","21","1 year 4 mons 3 days"
"EMP0244","Priya Choudhary","Female","1986-08-07","2019-12-21","D07","R18","Bachelors","Married","37","4 years 6 mons 12 days"
"EMP0245","Rahul Choudhary","Male","1979-06-14","2021-02-19","D08","R06","Bachelors","Single","45","3 years 4 mons 11 days"
"EMP0246","Vivaan Iyer","Male","1975-04-01","2020-12-17","D09","R17","Bachelors","Single","49","3 years 6 mons 16 days"
"EMP0247","Priya Patel","Female","1994-12-25","2021-06-05","D08","R06","Bachelors","Single","29","3 years 27 days"
"EMP0248","Rahul Reddy","Male","1982-03-17","2015-05-17","D05","R16","Bachelors","Married","42","9 years 1 mon 16 days"
"EMP0249","Dhruv Khan","Male","1978-05-01","2023-02-02","D10","R19","Masters","Single","46","1 year 5 mons"
"EMP0476","Priya Reddy","Female","1994-10-30","2017-11-18","D01","R02","Bachelors","Single","29","6 years 7 mons 14 days"
"EMP0477","Sai Mehta","Male","2003-12-24","2017-04-21","D01","R02","Bachelors","Married","20","7 years 2 mons 11 days"
"EMP0478","Sara Deshmukh","Female","1984-11-26","2020-08-23","D07","R18","Masters","Married","39","3 years 10 mons 10 days"
"EMP0479","Amit Khan","Male","1992-08-08","2020-09-18","D06","R17","Masters","Single","31","3 years 9 mons 14 days"
"EMP0480","Tara Iyer","Female","1984-11-26","2024-04-30","D06","R06","Bachelors","Single","39","2 mons 2 days"
"EMP0493","Arjun Rao","Male","2000-01-26","2022-08-04","D05","R16","MBA","Single","24","1 year 10 mons 29 days"
"EMP0494","Kiara Patil","Female","1979-01-10","2017-04-17","D05","R06","Bachelors","Single","45","7 years 2 mons 15 days"
"EMP0495","Vivaan Mehta","Male","1988-10-30","2017-07-07","D09","R17","MBA","Married","35","6 years 11 mons 26 days"
"EMP0496","Tara Iyer","Female","1985-06-20","2019-12-12","D02","R10","Bachelors","Married","39","4 years 6 mons 21 days"
"EMP0497","Saanvi Khan","Female","1989-08-16","2024-03-16","D01","R01","Bachelors","Married","34","3 mons 17 days"
"EMP0498","Ishaan Patil","Male","1997-01-15","2019-01-08","D09","R17","Bachelors","Married","27","5 years 5 mons 25 days"
"EMP0271","Rohan Khan","Male","1989-10-11","2019-04-25","D01","R06","MBA","Single","34","5 years 2 mons 7 days"
"EMP0272","Krishna Deshmukh","Male","1996-01-14","2018-06-30","D08","R20","Bachelors","Married","28","6 years 2 days"
"EMP0274","Sara Choudhary","Female","2000-03-08","2020-10-14","D03","R13","Masters","Married","24","3 years 8 mons 19 days"
"EMP0275","Dhruv Patel","Male","2000-10-13","2022-06-29","D01","R07","Masters","Single","23","2 years 3 days"
"EMP0276","Karan Singh","Male","1989-08-16","2020-12-18","D10","R03","Bachelors","Single","34","3 years 6 mons 15 days"
"EMP0277","Karan Gupta","Male","1989-05-30","2016-07-29","D06","R17","Bachelors","Married","35","7 years 11 mons 4 days"
"EMP0278","Reyansh Verma","Male","2003-02-01","2022-11-24","D02","R10","Bachelors","Married","21","1 year 7 mons 8 days"
"EMP0279","Rahul Singh","Male","1986-06-18","2021-04-13","D09","R17","Bachelors","Married","38","3 years 2 mons 19 days"
"EMP0280","Kabir Deshmukh","Male","1998-10-21","2018-07-10","D01","R01","Bachelors","Single","25","5 years 11 mons 23 days"
"EMP0281","Avni Choudhary","Female","1996-03-14","2024-03-04","D08","R07","Bachelors","Married","28","3 mons 29 days"
"EMP0282","Diya Deshmukh","Female","1976-01-30","2016-09-25","D09","R09","Bachelors","Single","48","7 years 9 mons 7 days"
"EMP0283","Riya Singh","Female","1998-08-12","2017-09-19","D09","R17","Bachelors","Married","25","6 years 9 mons 13 days"
"EMP0284","Vivaan Singh","Male","1980-02-16","2016-07-29","D08","R03","Masters","Single","44","7 years 11 mons 4 days"
"EMP0285","Sai Khan","Male","2003-09-04","2022-07-01","D01","R04","Bachelors","Married","20","2 years 1 day"
"EMP0286","Amit Sharma","Male","1997-11-02","2022-06-14","D07","R02","Bachelors","Married","26","2 years 18 days"
"EMP0287","Krishna Deshmukh","Male","1985-02-04","2018-12-18","D02","R09","Bachelors","Married","39","5 years 6 mons 15 days"
"EMP0288","Atharv Patil","Male","1980-10-11","2016-12-16","D01","R02","Bachelors","Single","43","7 years 6 mons 17 days"
"EMP0289","Ishaan Sharma","Male","1989-08-29","2023-04-04","D01","R07","Bachelors","Married","34","1 year 2 mons 28 days"
"EMP0290","Arjun Gupta","Male","1989-11-06","2022-12-16","D06","R06","Bachelors","Married","34","1 year 6 mons 17 days"
"EMP0311","Atharv Patel","Male","1977-03-27","2021-12-05","D07","R18","Bachelors","Single","47","2 years 6 mons 28 days"
"EMP0312","Rahul Verma","Male","1988-05-04","2015-03-17","D01","R01","Masters","Single","36","9 years 3 mons 16 days"
"EMP0313","Amit Singh","Male","2000-08-19","2021-09-28","D01","R04","Masters","Married","23","2 years 9 mons 4 days"
"EMP0314","Karan Joshi","Male","1997-03-02","2016-08-12","D09","R17","Bachelors","Single","27","7 years 10 mons 21 days"
"EMP0341","Sai Reddy","Male","1994-09-30","2017-08-05","D06","R17","Bachelors","Married","29","6 years 10 mons 28 days"
"EMP0342","Reyansh Singh","Male","1993-03-11","2022-12-22","D03","R12","Bachelors","Married","31","1 year 6 mons 11 days"
"EMP0343","Sara Iyer","Female","2002-11-22","2020-12-15","D01","R02","Masters","Married","21","3 years 6 mons 18 days"
"EMP0344","Kabir Kumar","Male","1983-04-26","2022-10-27","D02","R09","Bachelors","Single","41","1 year 8 mons 6 days"
"EMP0345","Vivaan Desai","Male","1983-04-17","2022-10-15","D02","R09","Bachelors","Married","41","1 year 8 mons 18 days"
"EMP0346","Meera Reddy","Female","1981-12-07","2018-01-01","D07","R18","Bachelors","Married","42","6 years 6 mons 1 day"
"EMP0347","Yash Kumar","Male","1985-09-29","2020-08-04","D05","R16","Bachelors","Married","38","3 years 10 mons 29 days"
"EMP0348","Sai Sharma","Male","1990-12-09","2017-05-09","D01","R02","Bachelors","Married","33","7 years 1 mon 24 days"
"EMP0349","Sai Nair","Male","1996-02-04","2022-07-20","D07","R18","PhD","Single","28","1 year 11 mons 13 days"
"EMP0350","Arjun Verma","Male","1978-11-29","2015-05-01","D01","R05","Bachelors","Married","45","9 years 2 mons 1 day"
"EMP0351","Dhruv Khan","Male","1987-12-10","2020-08-07","D04","R15","Masters","Single","36","3 years 10 mons 26 days"
"EMP0352","Aarohi Singh","Female","2002-07-25","2019-07-05","D09","R17","Masters","Single","21","4 years 11 mons 28 days"
"EMP0353","Ayaan Patil","Male","2000-05-04","2022-05-28","D10","R06","Masters","Single","24","2 years 1 mon 5 days"
"EMP0065","Atharv Reddy","Male","1996-06-14","2018-01-16","D04","R14","PhD","Married","28","6 years 5 mons 17 days"
"EMP0354","Dhruv Gupta","Male","1990-09-22","2020-05-15","D02","R09","MBA","Married","33","4 years 1 mon 18 days"
"EMP0355","Pooja Singh","Female","1999-02-28","2017-11-28","D07","R18","Bachelors","Married","25","6 years 7 mons 4 days"
"EMP0233","Amit Deshmukh","Male","1995-09-13","2017-06-17","D01","R01","Bachelors","Married","28","7 years 15 days"
"EMP0008","Ayaan Singh","Male","1991-07-03","2024-02-14","D02","R10","Bachelors","Single","32","4 mons 17 days"
"EMP0009","Ira Iyer","Female","1976-03-14","2022-01-31","D01","R02","Bachelors","Married","48","2 years 5 mons 2 days"
"EMP0010","Nisha Patil","Female","1979-07-28","2021-08-05","D04","R14","Masters","Single","44","2 years 10 mons 28 days"
"EMP0011","Rohan Patel","Male","1977-09-06","2017-04-16","D09","R17","Bachelors","Single","46","7 years 2 mons 16 days"
"EMP0012","Atharv Rao","Male","2000-02-29","2015-03-30","D01","R03","Bachelors","Single","24","9 years 3 mons 3 days"
"EMP0013","Kiara Choudhary","Female","1986-06-05","2020-08-18","D05","R16","MBA","Married","38","3 years 10 mons 15 days"
"EMP0014","Reyansh Rao","Male","1978-12-23","2017-02-02","D08","R06","Bachelors","Single","45","7 years 5 mons"
"EMP0015","Yash Deshmukh","Male","2004-09-14","2022-02-23","D09","R17","Bachelors","Married","19","2 years 4 mons 7 days"
"EMP0017","Yash Verma","Male","1990-09-10","2022-07-29","D01","R05","MBA","Single","33","1 year 11 mons 4 days"
"EMP0048","Saanvi Mehta","Female","1976-02-21","2022-02-20","D01","R01","Masters","Married","48","2 years 4 mons 10 days"
"EMP0049","Atharv Sharma","Male","1989-07-13","2017-06-23","D03","R12","Masters","Married","34","7 years 9 days"
"EMP0050","Aarav Nair","Male","1985-10-18","2019-12-25","D01","R03","Bachelors","Married","38","4 years 6 mons 8 days"
"EMP0051","Rohan Deshmukh","Male","1977-04-01","2024-03-02","D08","R03","Bachelors","Married","47","4 mons"
"EMP0052","Ayaan Joshi","Male","1976-01-25","2023-12-16","D09","R09","Masters","Married","48","6 mons 17 days"
"EMP0377","Ira Rao","Female","1976-04-27","2019-02-01","D07","R18","MBA","Married","48","5 years 5 mons 1 day"
"EMP0413","Aditya Verma","Male","1987-08-30","2019-09-10","D06","R06","Masters","Married","36","4 years 9 mons 22 days"
"EMP0414","Rohan Choudhary","Male","1998-06-18","2021-12-12","D04","R14","Bachelors","Single","26","2 years 6 mons 21 days"
"EMP0415","Atharv Patil","Male","1999-09-23","2016-01-05","D02","R11","Bachelors","Married","24","8 years 5 mons 28 days"
"EMP0416","Ananya Patel","Female","1977-09-19","2021-02-08","D09","R17","Bachelors","Married","46","3 years 4 mons 22 days"
"EMP0423","Aditya Khan","Male","1986-06-06","2022-03-11","D02","R09","MBA","Married","38","2 years 3 mons 22 days"
"EMP0424","Nisha Rao","Female","2002-09-24","2023-03-18","D10","R07","PhD","Single","21","1 year 3 mons 15 days"
"EMP0425","Krishna Khan","Male","1985-01-19","2018-02-04","D01","R02","Masters","Married","39","6 years 4 mons 26 days"
"EMP0426","Ira Singh","Female","1975-12-24","2015-01-18","D01","R03","MBA","Single","48","9 years 5 mons 15 days"
"EMP0427","Rohan Reddy","Male","1978-03-06","2020-08-11","D01","R03","Bachelors","Single","46","3 years 10 mons 22 days"
"EMP0428","Meera Kumar","Female","1979-12-16","2016-04-29","D08","R08","Bachelors","Married","44","8 years 2 mons 3 days"
"EMP0196","Meera Patel","Female","1984-10-12","2018-11-24","D01","R01","Bachelors","Single","39","5 years 7 mons 8 days"
"EMP0197","Priya Rao","Female","1982-12-15","2021-10-10","D07","R18","Bachelors","Married","41","2 years 8 mons 23 days"
"EMP0499","Ishaan Nair","Male","1982-08-02","2016-06-08","D01","R04","Bachelors","Married","41","8 years 24 days"
"EMP0500","Priya Nair","Female","1981-01-20","2015-06-03","D06","R17","Bachelors","Married","43","9 years 29 days"
"EMP0066","Rahul Gupta","Male","1989-04-08","2023-07-09","D06","R17","Bachelors","Single","35","11 mons 24 days"
"EMP0067","Karan Desai","Male","1980-04-28","2017-11-22","D10","R06","MBA","Single","44","6 years 7 mons 10 days"
"EMP0332","Yash Khan","Male","1989-07-30","2019-05-06","D03","R12","Bachelors","Single","34","5 years 1 mon 27 days"
"EMP0333","Saanvi Reddy","Female","2001-05-14","2017-08-04","D01","R06","Masters","Married","23","6 years 10 mons 29 days"
"EMP0334","Neha Reddy","Female","2004-09-14","2022-10-17","D08","R07","Masters","Single","19","1 year 8 mons 16 days"
"EMP0335","Krishna Kumar","Male","1990-09-26","2020-03-31","D01","R01","Bachelors","Single","33","4 years 3 mons 2 days"
"EMP0223","Pooja Joshi","Female","1992-07-23","2017-06-03","D01","R02","Masters","Single","31","7 years 29 days"
"EMP0224","Aarav Reddy","Male","1999-04-15","2019-08-12","D03","R12","Bachelors","Married","25","4 years 10 mons 21 days"
"EMP0168","Nisha Singh","Female","1987-03-25","2017-10-04","D04","R14","Bachelors","Single","37","6 years 8 mons 29 days"
"EMP0169","Kabir Sharma","Male","1984-09-25","2023-08-29","D09","R17","Bachelors","Married","39","10 mons 4 days"
"EMP0170","Ira Verma","Female","1979-08-31","2019-01-28","D04","R14","MBA","Married","44","5 years 5 mons 5 days"
"EMP0171","Rohan Khan","Male","1981-03-16","2024-01-12","D07","R01","Bachelors","Married","43","5 mons 21 days"
"EMP0119","Yash Verma","Male","1999-06-27","2018-06-08","D01","R02","Bachelors","Married","25","6 years 24 days"
"EMP0120","Dhruv Iyer","Male","1989-07-13","2015-04-08","D03","R12","Masters","Married","34","9 years 2 mons 24 days"
"EMP0121","Ira Reddy","Female","1979-06-11","2023-02-25","D03","R06","Masters","Married","45","1 year 4 mons 5 days"
"EMP0122","Ayaan Patel","Male","1984-05-19","2017-07-30","D09","R17","Bachelors","Single","40","6 years 11 mons 3 days"
"EMP0135","Rohan Kumar","Male","1981-02-11","2018-03-26","D07","R18","Bachelors","Married","43","6 years 3 mons 7 days"
"EMP0136","Aarohi Iyer","Female","1983-01-06","2018-01-06","D03","R13","Bachelors","Married","41","6 years 5 mons 27 days"
"EMP0137","Vihaan Singh","Male","1980-03-25","2020-08-27","D09","R17","MBA","Married","44","3 years 10 mons 6 days"
"EMP0138","Sara Kumar","Female","1986-05-03","2021-09-08","D09","R09","Bachelors","Married","38","2 years 9 mons 24 days"
"EMP0139","Aarohi Patil","Female","1992-07-16","2021-01-11","D04","R15","Bachelors","Married","31","3 years 5 mons 22 days"
"EMP0140","Aditya Patel","Male","1976-06-06","2019-12-18","D03","R06","Masters","Married","48","4 years 6 mons 15 days"
"EMP0141","Ishaan Sharma","Male","1993-09-06","2016-12-27","D09","R09","Bachelors","Married","30","7 years 6 mons 6 days"
"EMP0142","Rahul Gupta","Male","2004-04-25","2023-06-30","D01","R02","Masters","Married","20","1 year 2 days"
"EMP0143","Dhruv Deshmukh","Male","1982-07-11","2015-01-15","D01","R02","Bachelors","Single","41","9 years 5 mons 18 days"
"EMP0145","Pari Singh","Female","2003-11-11","2024-04-04","D03","R12","Bachelors","Married","20","2 mons 28 days"
"EMP0146","Reyansh Mehta","Male","1992-04-23","2021-03-24","D08","R07","Bachelors","Married","32","3 years 3 mons 9 days"
"EMP0151","Riya Verma","Female","1984-10-17","2018-09-30","D04","R14","Bachelors","Married","39","5 years 9 mons 2 days"
"EMP0152","Reyansh Reddy","Male","1975-07-11","2020-05-08","D06","R17","Bachelors","Single","48","4 years 1 mon 25 days"
"EMP0153","Aditya Mehta","Male","1985-11-26","2020-08-16","D01","R04","Bachelors","Single","38","3 years 10 mons 17 days"
"EMP0154","Yash Deshmukh","Male","1976-09-26","2022-02-23","D06","R17","Bachelors","Married","47","2 years 4 mons 7 days"
"EMP0155","Krishna Gupta","Male","2000-03-28","2020-03-17","D02","R09","Bachelors","Married","24","4 years 3 mons 16 days"
"EMP0156","Myra Joshi","Female","1990-12-09","2021-04-12","D05","R06","Bachelors","Married","33","3 years 2 mons 20 days"
"EMP0157","Aarav Deshmukh","Male","2002-07-05","2015-01-30","D03","R06","Bachelors","Single","21","9 years 5 mons 3 days"
"EMP0158","Pari Kumar","Female","2002-07-20","2023-11-07","D01","R01","Bachelors","Single","21","7 mons 25 days"
"EMP0159","Rohan Singh","Male","1975-02-17","2017-04-20","D01","R02","Bachelors","Single","49","7 years 2 mons 12 days"
"EMP0160","Riya Choudhary","Female","1988-08-10","2021-01-03","D02","R11","Bachelors","Married","35","3 years 5 mons 30 days"
"EMP0161","Rohan Verma","Male","1981-09-25","2023-01-21","D02","R11","Bachelors","Single","42","1 year 5 mons 12 days"
"EMP0162","Ananya Sharma","Female","1985-01-04","2024-04-17","D07","R18","MBA","Single","39","2 mons 15 days"
"EMP0172","Aarohi Iyer","Female","1994-12-02","2017-04-16","D02","R09","Bachelors","Married","29","7 years 2 mons 16 days"
"EMP0173","Tara Mehta","Female","1981-01-14","2018-06-23","D06","R17","MBA","Married","43","6 years 9 days"
"EMP0174","Saanvi Desai","Female","1999-05-22","2017-01-09","D08","R20","Bachelors","Single","25","7 years 5 mons 24 days"
"EMP0175","Kiara Mehta","Female","1996-10-22","2017-08-21","D06","R17","Bachelors","Married","27","6 years 10 mons 12 days"
"EMP0176","Arjun Patil","Male","1999-11-15","2018-06-15","D01","R01","Bachelors","Married","24","6 years 17 days"
"EMP0177","Vihaan Joshi","Male","2000-01-02","2015-01-08","D06","R17","Masters","Married","24","9 years 5 mons 25 days"
"EMP0178","Pari Reddy","Female","1986-04-26","2017-02-07","D01","R02","Masters","Married","38","7 years 4 mons 23 days"
"EMP0179","Krishna Desai","Male","2001-05-13","2022-07-12","D02","R09","MBA","Single","23","1 year 11 mons 21 days"
"EMP0180","Krishna Mehta","Male","1994-04-30","2020-10-22","D01","R02","Masters","Single","30","3 years 8 mons 11 days"
"EMP0181","Reyansh Mehta","Male","1992-01-05","2020-06-10","D01","R01","Masters","Married","32","4 years 22 days"
"EMP0182","Vivaan Patil","Male","1981-10-05","2021-06-14","D03","R12","Masters","Single","42","3 years 18 days"
"EMP0183","Vihaan Patel","Male","2000-08-25","2018-02-15","D06","R17","Bachelors","Single","23","6 years 4 mons 15 days"
"EMP0184","Rahul Choudhary","Male","1981-11-17","2015-11-22","D01","R01","Bachelors","Married","42","8 years 7 mons 10 days"
"EMP0185","Rahul Kumar","Male","1997-03-28","2022-02-16","D02","R09","MBA","Single","27","2 years 4 mons 14 days"
"EMP0018","Rahul Nair","Male","2004-11-17","2017-12-29","D03","R13","Bachelors","Single","19","6 years 6 mons 4 days"
"EMP0019","Rohan Singh","Male","1984-03-19","2024-03-31","D06","R17","Masters","Married","40","3 mons 2 days"
"EMP0020","Ananya Verma","Female","1990-09-26","2024-04-16","D05","R16","Masters","Married","33","2 mons 16 days"
"EMP0045","Aarohi Rao","Female","1984-10-01","2023-03-23","D07","R18","Bachelors","Married","39","1 year 3 mons 10 days"
"EMP0046","Sneha Sharma","Female","1996-10-15","2015-10-16","D01","R03","Masters","Single","27","8 years 8 mons 17 days"
"EMP0047","Myra Choudhary","Female","1997-01-01","2021-10-14","D02","R11","Masters","Married","27","2 years 8 mons 19 days"
"EMP0356","Ishaan Patel","Male","1980-10-11","2023-03-15","D03","R06","Bachelors","Single","43","1 year 3 mons 18 days"
"EMP0357","Kabir Gupta","Male","1983-02-01","2016-04-17","D01","R03","Bachelors","Married","41","8 years 2 mons 15 days"
"EMP0358","Vihaan Kumar","Male","1998-04-12","2022-09-18","D05","R06","Bachelors","Married","26","1 year 9 mons 14 days"
"EMP0359","Aditya Verma","Male","2004-09-06","2022-05-31","D09","R09","Masters","Single","19","2 years 1 mon 2 days"
"EMP0360","Sara Verma","Female","1978-01-03","2019-08-14","D07","R18","Masters","Single","46","4 years 10 mons 19 days"
"EMP0361","Arjun Gupta","Male","1996-01-07","2018-09-15","D06","R17","Masters","Single","28","5 years 9 mons 17 days"
"EMP0023","Neha Patil","Female","1976-10-01","2016-05-09","D06","R17","Bachelors","Married","47","8 years 1 mon 24 days"
"EMP0024","Vihaan Singh","Male","1979-06-28","2021-08-04","D06","R17","Masters","Married","45","2 years 10 mons 29 days"
"EMP0025","Reyansh Desai","Male","1985-08-11","2017-05-31","D07","R18","MBA","Single","38","7 years 1 mon 2 days"
"EMP0026","Kabir Patel","Male","1997-10-17","2021-08-06","D04","R14","Masters","Married","26","2 years 10 mons 27 days"
"EMP0027","Karan Patil","Male","1984-03-12","2021-10-23","D07","R18","Bachelors","Married","40","2 years 8 mons 10 days"
"EMP0028","Reyansh Deshmukh","Male","1997-06-20","2016-09-17","D06","R17","Bachelors","Married","27","7 years 9 mons 15 days"
"EMP0029","Ayaan Deshmukh","Male","2003-08-24","2018-11-28","D02","R09","Bachelors","Single","20","5 years 7 mons 4 days"
"EMP0030","Diya Verma","Female","1978-02-02","2019-07-21","D08","R08","Bachelors","Single","46","4 years 11 mons 12 days"
"EMP0031","Aarav Khan","Male","1987-08-16","2017-05-09","D01","R02","Bachelors","Married","36","7 years 1 mon 24 days"
"EMP0032","Ayaan Desai","Male","1988-08-16","2023-09-14","D09","R09","Bachelors","Married","35","9 mons 18 days"
"EMP0071","Amit Patil","Male","1978-04-05","2022-10-21","D09","R17","MBA","Married","46","1 year 8 mons 12 days"
"EMP0273","Amit Rao","Male","1994-03-09","2017-12-31","D02","R09","PhD","Single","30","6 years 6 mons 2 days"
"EMP0033","Vivaan Choudhary","Male","1983-12-06","2015-09-06","D02","R09","Bachelors","Single","40","8 years 9 mons 26 days"
"EMP0034","Rahul Kumar","Male","1995-05-30","2018-05-20","D01","R02","Bachelors","Married","29","6 years 1 mon 13 days"
"EMP0035","Krishna Mehta","Male","1983-06-20","2021-10-22","D10","R06","Masters","Married","41","2 years 8 mons 11 days"
"EMP0036","Aditya Sharma","Male","2002-08-07","2018-08-14","D10","R06","Masters","Single","21","5 years 10 mons 19 days"
"EMP0037","Avni Nair","Female","1978-08-19","2023-07-19","D05","R16","Bachelors","Single","45","11 mons 14 days"
"EMP0038","Reyansh Rao","Male","1986-07-03","2016-05-10","D05","R16","Bachelors","Married","37","8 years 1 mon 23 days"
"EMP0039","Vivaan Desai","Male","1980-12-14","2015-09-22","D05","R07","Bachelors","Married","43","8 years 9 mons 10 days"
"EMP0040","Aarav Choudhary","Male","1996-12-02","2020-09-08","D01","R03","MBA","Married","27","3 years 9 mons 24 days"
"EMP0041","Neha Nair","Female","1994-06-05","2019-07-08","D05","R06","Bachelors","Married","30","4 years 11 mons 25 days"
"EMP0042","Ishaan Singh","Male","1980-07-16","2021-06-17","D06","R17","Bachelors","Single","43","3 years 15 days"
"EMP0043","Yash Reddy","Male","1975-07-11","2016-02-18","D07","R02","Bachelors","Single","48","8 years 4 mons 13 days"
"EMP0044","Aditya Iyer","Male","1999-10-28","2016-06-22","D05","R16","Bachelors","Married","24","8 years 10 days"
"EMP0058","Kabir Deshmukh","Male","1996-12-09","2021-03-18","D02","R09","Masters","Married","27","3 years 3 mons 15 days"
"EMP0059","Pooja Choudhary","Female","1993-04-06","2021-01-22","D01","R01","MBA","Married","31","3 years 5 mons 11 days"
"EMP0060","Kabir Joshi","Male","1993-02-26","2019-11-12","D08","R20","Masters","Married","31","4 years 7 mons 20 days"
"EMP0061","Sara Patel","Female","1975-01-23","2023-07-17","D02","R10","Bachelors","Single","49","11 mons 16 days"
"EMP0062","Dhruv Choudhary","Male","2001-04-07","2015-01-04","D03","R12","MBA","Married","23","9 years 5 mons 29 days"
"EMP0063","Pari Verma","Female","2002-05-27","2023-06-14","D08","R03","Masters","Married","22","1 year 18 days"
"EMP0064","Reyansh Desai","Male","1976-04-06","2023-04-21","D10","R19","Bachelors","Single","48","1 year 2 mons 11 days"
"EMP0481","Reyansh Joshi","Male","1998-05-25","2021-03-09","D02","R09","Bachelors","Single","26","3 years 3 mons 24 days"
"EMP0482","Priya Rao","Female","1985-04-13","2019-10-22","D08","R20","Bachelors","Single","39","4 years 8 mons 11 days"
"EMP0483","Amit Sharma","Male","1987-05-26","2019-07-24","D09","R17","Masters","Single","37","4 years 11 mons 9 days"
"EMP0484","Reyansh Reddy","Male","1996-02-12","2022-10-28","D01","R02","Bachelors","Single","28","1 year 8 mons 5 days"
"EMP0485","Yash Desai","Male","2000-10-08","2023-08-10","D01","R03","Bachelors","Married","23","10 mons 23 days"
"EMP0486","Aarav Khan","Male","1990-12-13","2023-02-13","D02","R10","Masters","Married","33","1 year 4 mons 17 days"
"EMP0487","Yash Gupta","Male","2002-08-09","2021-12-21","D01","R01","Bachelors","Married","21","2 years 6 mons 12 days"
"EMP0488","Atharv Desai","Male","1986-09-27","2019-03-14","D05","R06","Masters","Single","37","5 years 3 mons 19 days"
"EMP0489","Kiara Nair","Female","1984-04-08","2015-03-20","D01","R02","Bachelors","Single","40","9 years 3 mons 13 days"
"EMP0490","Vihaan Nair","Male","1996-03-20","2017-03-15","D01","R02","Masters","Married","28","7 years 3 mons 18 days"
"EMP0491","Kiara Patil","Female","1985-08-05","2018-06-17","D08","R06","Bachelors","Married","38","6 years 15 days"
"EMP0492","Pooja Patil","Female","1997-05-17","2016-02-04","D09","R17","Masters","Married","27","8 years 4 mons 27 days"
